scenario,level,file_path,original_syntax_valid,original_error,fixed_syntax_valid,fixed_error,solvable,solve_time,plan_length,fixes_applied,processing_time
scenario_0001,strategic,/mnt/d/qy/作战规划/论文/多层次行动指南/pddl/datasets/pddl/problems/scenario_0001/strategic.pddl,True,,True,,True,0.6386685371398926,3,0,0.6409828662872314
scenario_0001,tactical,/mnt/d/qy/作战规划/论文/多层次行动指南/pddl/datasets/pddl/problems/scenario_0001/tactical.pddl,True,,True,,True,0.6554913520812988,3,0,0.656963586807251
scenario_0001,technical,/mnt/d/qy/作战规划/论文/多层次行动指南/pddl/datasets/pddl/problems/scenario_0001/technical.pddl,True,,True,,True,0.605799674987793,3,0,0.6092710494995117
scenario_0002,strategic,/mnt/d/qy/作战规划/论文/多层次行动指南/pddl/datasets/pddl/problems/scenario_0002/strategic.pddl,True,,True,,True,0.6029133796691895,3,0,0.6043651103973389
scenario_0002,tactical,/mnt/d/qy/作战规划/论文/多层次行动指南/pddl/datasets/pddl/problems/scenario_0002/tactical.pddl,True,,True,,True,0.7192437648773193,3,0,0.7209489345550537
scenario_0002,technical,/mnt/d/qy/作战规划/论文/多层次行动指南/pddl/datasets/pddl/problems/scenario_0002/technical.pddl,True,,True,,True,0.6084592342376709,3,0,0.6098861694335938
scenario_0003,strategic,/mnt/d/qy/作战规划/论文/多层次行动指南/pddl/datasets/pddl/problems/scenario_0003/strategic.pddl,True,,True,,True,0.620081901550293,3,0,0.6214933395385742
scenario_0003,tactical,/mnt/d/qy/作战规划/论文/多层次行动指南/pddl/datasets/pddl/problems/scenario_0003/tactical.pddl,True,,True,,True,0.6391305923461914,3,0,0.6405558586120605
scenario_0003,technical,/mnt/d/qy/作战规划/论文/多层次行动指南/pddl/datasets/pddl/problems/scenario_0003/technical.pddl,True,,True,,True,0.6030962467193604,3,0,0.6046972274780273
scenario_0004,strategic,/mnt/d/qy/作战规划/论文/多层次行动指南/pddl/datasets/pddl/problems/scenario_0004/strategic.pddl,True,,True,,True,0.6409335136413574,3,0,0.6425337791442871
scenario_0004,tactical,/mnt/d/qy/作战规划/论文/多层次行动指南/pddl/datasets/pddl/problems/scenario_0004/tactical.pddl,True,,True,,True,0.6282398700714111,3,0,0.6297187805175781
scenario_0004,technical,/mnt/d/qy/作战规划/论文/多层次行动指南/pddl/datasets/pddl/problems/scenario_0004/technical.pddl,True,,True,,True,0.6047015190124512,3,0,0.606234073638916
scenario_0005,strategic,/mnt/d/qy/作战规划/论文/多层次行动指南/pddl/datasets/pddl/problems/scenario_0005/strategic.pddl,True,,True,,True,0.6229033470153809,3,0,0.6255326271057129
scenario_0005,tactical,/mnt/d/qy/作战规划/论文/多层次行动指南/pddl/datasets/pddl/problems/scenario_0005/tactical.pddl,True,,True,,True,0.6073122024536133,3,0,0.6086797714233398
scenario_0005,technical,/mnt/d/qy/作战规划/论文/多层次行动指南/pddl/datasets/pddl/problems/scenario_0005/technical.pddl,True,,True,,True,0.6457397937774658,3,0,0.6473686695098877
scenario_0006,strategic,/mnt/d/qy/作战规划/论文/多层次行动指南/pddl/datasets/pddl/problems/scenario_0006/strategic.pddl,True,,True,,True,0.6623611450195312,3,0,0.6637961864471436
scenario_0006,tactical,/mnt/d/qy/作战规划/论文/多层次行动指南/pddl/datasets/pddl/problems/scenario_0006/tactical.pddl,True,,True,,True,0.6170566082000732,3,0,0.6184918880462646
scenario_0006,technical,/mnt/d/qy/作战规划/论文/多层次行动指南/pddl/datasets/pddl/problems/scenario_0006/technical.pddl,True,,True,,True,0.6215484142303467,3,0,0.6229195594787598
scenario_0007,strategic,/mnt/d/qy/作战规划/论文/多层次行动指南/pddl/datasets/pddl/problems/scenario_0007/strategic.pddl,True,,True,,True,0.6189417839050293,3,0,0.6204476356506348
scenario_0007,tactical,/mnt/d/qy/作战规划/论文/多层次行动指南/pddl/datasets/pddl/problems/scenario_0007/tactical.pddl,True,,True,,True,0.6328125,3,0,0.6342403888702393
scenario_0007,technical,/mnt/d/qy/作战规划/论文/多层次行动指南/pddl/datasets/pddl/problems/scenario_0007/technical.pddl,True,,True,,True,0.6818077564239502,3,0,0.6832098960876465
scenario_0008,strategic,/mnt/d/qy/作战规划/论文/多层次行动指南/pddl/datasets/pddl/problems/scenario_0008/strategic.pddl,True,,True,,True,0.6688048839569092,3,0,0.6738648414611816
scenario_0008,tactical,/mnt/d/qy/作战规划/论文/多层次行动指南/pddl/datasets/pddl/problems/scenario_0008/tactical.pddl,True,,True,,True,0.6573622226715088,3,0,0.6591281890869141
scenario_0008,technical,/mnt/d/qy/作战规划/论文/多层次行动指南/pddl/datasets/pddl/problems/scenario_0008/technical.pddl,True,,True,,True,0.6498191356658936,3,0,0.6514153480529785
scenario_0009,strategic,/mnt/d/qy/作战规划/论文/多层次行动指南/pddl/datasets/pddl/problems/scenario_0009/strategic.pddl,True,,True,,True,0.6086025238037109,3,0,0.6101474761962891
scenario_0009,tactical,/mnt/d/qy/作战规划/论文/多层次行动指南/pddl/datasets/pddl/problems/scenario_0009/tactical.pddl,True,,True,,True,0.659658670425415,3,0,0.6611328125
scenario_0009,technical,/mnt/d/qy/作战规划/论文/多层次行动指南/pddl/datasets/pddl/problems/scenario_0009/technical.pddl,True,,True,,True,0.6046116352081299,3,0,0.6063814163208008
scenario_0010,strategic,/mnt/d/qy/作战规划/论文/多层次行动指南/pddl/datasets/pddl/problems/scenario_0010/strategic.pddl,True,,True,,True,0.5986850261688232,3,0,0.6008474826812744
scenario_0010,tactical,/mnt/d/qy/作战规划/论文/多层次行动指南/pddl/datasets/pddl/problems/scenario_0010/tactical.pddl,True,,True,,True,0.6334941387176514,3,0,0.6349446773529053
scenario_0010,technical,/mnt/d/qy/作战规划/论文/多层次行动指南/pddl/datasets/pddl/problems/scenario_0010/technical.pddl,True,,True,,True,0.6093482971191406,3,0,0.6118779182434082
scenario_0011,strategic,/mnt/d/qy/作战规划/论文/多层次行动指南/pddl/datasets/pddl/problems/scenario_0011/strategic.pddl,True,,True,,True,0.6178224086761475,3,0,0.6192171573638916
scenario_0011,tactical,/mnt/d/qy/作战规划/论文/多层次行动指南/pddl/datasets/pddl/problems/scenario_0011/tactical.pddl,True,,True,,True,0.6195945739746094,3,0,0.6213946342468262
scenario_0011,technical,/mnt/d/qy/作战规划/论文/多层次行动指南/pddl/datasets/pddl/problems/scenario_0011/technical.pddl,True,,True,,True,0.6114811897277832,3,0,0.6131472587585449
scenario_0012,strategic,/mnt/d/qy/作战规划/论文/多层次行动指南/pddl/datasets/pddl/problems/scenario_0012/strategic.pddl,True,,True,,True,0.6151487827301025,3,0,0.6166973114013672
scenario_0012,tactical,/mnt/d/qy/作战规划/论文/多层次行动指南/pddl/datasets/pddl/problems/scenario_0012/tactical.pddl,True,,True,,True,0.6059107780456543,3,0,0.6074502468109131
scenario_0012,technical,/mnt/d/qy/作战规划/论文/多层次行动指南/pddl/datasets/pddl/problems/scenario_0012/technical.pddl,True,,True,,True,0.6680557727813721,3,0,0.6695733070373535
scenario_0013,strategic,/mnt/d/qy/作战规划/论文/多层次行动指南/pddl/datasets/pddl/problems/scenario_0013/strategic.pddl,True,,True,,True,0.6216034889221191,3,0,0.6244914531707764
scenario_0013,tactical,/mnt/d/qy/作战规划/论文/多层次行动指南/pddl/datasets/pddl/problems/scenario_0013/tactical.pddl,True,,True,,True,0.6034376621246338,3,0,0.621354341506958
scenario_0013,technical,/mnt/d/qy/作战规划/论文/多层次行动指南/pddl/datasets/pddl/problems/scenario_0013/technical.pddl,True,,True,,True,0.6571166515350342,3,0,0.6586265563964844
scenario_0014,strategic,/mnt/d/qy/作战规划/论文/多层次行动指南/pddl/datasets/pddl/problems/scenario_0014/strategic.pddl,True,,True,,True,0.6163256168365479,3,0,0.6177587509155273
scenario_0014,tactical,/mnt/d/qy/作战规划/论文/多层次行动指南/pddl/datasets/pddl/problems/scenario_0014/tactical.pddl,True,,True,,True,0.7076609134674072,3,0,0.7092509269714355
scenario_0014,technical,/mnt/d/qy/作战规划/论文/多层次行动指南/pddl/datasets/pddl/problems/scenario_0014/technical.pddl,True,,True,,True,0.6665821075439453,3,0,0.66800856590271
scenario_0015,strategic,/mnt/d/qy/作战规划/论文/多层次行动指南/pddl/datasets/pddl/problems/scenario_0015/strategic.pddl,True,,True,,True,0.6371691226959229,3,0,0.6391704082489014
scenario_0015,tactical,/mnt/d/qy/作战规划/论文/多层次行动指南/pddl/datasets/pddl/problems/scenario_0015/tactical.pddl,True,,True,,True,0.6523666381835938,3,0,0.6546664237976074
scenario_0015,technical,/mnt/d/qy/作战规划/论文/多层次行动指南/pddl/datasets/pddl/problems/scenario_0015/technical.pddl,True,,True,,True,0.6273722648620605,3,0,0.6287250518798828
scenario_0016,strategic,/mnt/d/qy/作战规划/论文/多层次行动指南/pddl/datasets/pddl/problems/scenario_0016/strategic.pddl,True,,True,,True,0.660677433013916,3,0,0.6620757579803467
scenario_0016,tactical,/mnt/d/qy/作战规划/论文/多层次行动指南/pddl/datasets/pddl/problems/scenario_0016/tactical.pddl,True,,True,,True,0.6120715141296387,3,0,0.613764762878418
scenario_0016,technical,/mnt/d/qy/作战规划/论文/多层次行动指南/pddl/datasets/pddl/problems/scenario_0016/technical.pddl,True,,True,,True,0.6182041168212891,3,0,0.6195728778839111
scenario_0017,strategic,/mnt/d/qy/作战规划/论文/多层次行动指南/pddl/datasets/pddl/problems/scenario_0017/strategic.pddl,True,,True,,True,0.6468765735626221,3,0,0.6482827663421631
scenario_0017,tactical,/mnt/d/qy/作战规划/论文/多层次行动指南/pddl/datasets/pddl/problems/scenario_0017/tactical.pddl,True,,True,,True,0.6152772903442383,3,0,0.6203601360321045
scenario_0017,technical,/mnt/d/qy/作战规划/论文/多层次行动指南/pddl/datasets/pddl/problems/scenario_0017/technical.pddl,True,,True,,True,0.6463701725006104,3,0,0.6477820873260498
scenario_0018,strategic,/mnt/d/qy/作战规划/论文/多层次行动指南/pddl/datasets/pddl/problems/scenario_0018/strategic.pddl,True,,True,,True,0.7404305934906006,3,0,0.7420873641967773
scenario_0018,tactical,/mnt/d/qy/作战规划/论文/多层次行动指南/pddl/datasets/pddl/problems/scenario_0018/tactical.pddl,True,,True,,True,0.7977888584136963,3,0,0.7992382049560547
scenario_0018,technical,/mnt/d/qy/作战规划/论文/多层次行动指南/pddl/datasets/pddl/problems/scenario_0018/technical.pddl,True,,True,,True,0.6310229301452637,3,0,0.6332376003265381
scenario_0019,strategic,/mnt/d/qy/作战规划/论文/多层次行动指南/pddl/datasets/pddl/problems/scenario_0019/strategic.pddl,True,,True,,True,0.5996696949005127,3,0,0.6010992527008057
scenario_0019,tactical,/mnt/d/qy/作战规划/论文/多层次行动指南/pddl/datasets/pddl/problems/scenario_0019/tactical.pddl,True,,True,,True,0.7737216949462891,3,0,0.7757136821746826
scenario_0019,technical,/mnt/d/qy/作战规划/论文/多层次行动指南/pddl/datasets/pddl/problems/scenario_0019/technical.pddl,True,,True,,True,0.8429255485534668,3,0,0.8460290431976318
scenario_0020,strategic,/mnt/d/qy/作战规划/论文/多层次行动指南/pddl/datasets/pddl/problems/scenario_0020/strategic.pddl,True,,True,,True,0.6627869606018066,3,0,0.6653575897216797
scenario_0020,tactical,/mnt/d/qy/作战规划/论文/多层次行动指南/pddl/datasets/pddl/problems/scenario_0020/tactical.pddl,True,,True,,True,0.591982364654541,3,0,0.5941522121429443
scenario_0020,technical,/mnt/d/qy/作战规划/论文/多层次行动指南/pddl/datasets/pddl/problems/scenario_0020/technical.pddl,True,,True,,True,0.7460994720458984,3,0,0.7489495277404785
scenario_0021,strategic,/mnt/d/qy/作战规划/论文/多层次行动指南/pddl/datasets/pddl/problems/scenario_0021/strategic.pddl,True,,True,,True,0.7817962169647217,3,0,0.7841179370880127
scenario_0021,tactical,/mnt/d/qy/作战规划/论文/多层次行动指南/pddl/datasets/pddl/problems/scenario_0021/tactical.pddl,True,,True,,True,0.6149778366088867,3,0,0.6164133548736572
scenario_0021,technical,/mnt/d/qy/作战规划/论文/多层次行动指南/pddl/datasets/pddl/problems/scenario_0021/technical.pddl,True,,True,,True,0.6353888511657715,3,0,0.6389219760894775
scenario_0022,strategic,/mnt/d/qy/作战规划/论文/多层次行动指南/pddl/datasets/pddl/problems/scenario_0022/strategic.pddl,True,,True,,True,0.6196310520172119,3,0,0.6218204498291016
scenario_0022,tactical,/mnt/d/qy/作战规划/论文/多层次行动指南/pddl/datasets/pddl/problems/scenario_0022/tactical.pddl,True,,True,,True,0.6454243659973145,3,0,0.6469244956970215
scenario_0022,technical,/mnt/d/qy/作战规划/论文/多层次行动指南/pddl/datasets/pddl/problems/scenario_0022/technical.pddl,True,,True,,True,0.6884329319000244,3,0,0.6907134056091309
scenario_0023,strategic,/mnt/d/qy/作战规划/论文/多层次行动指南/pddl/datasets/pddl/problems/scenario_0023/strategic.pddl,True,,True,,True,0.6621766090393066,3,0,0.6640617847442627
scenario_0023,tactical,/mnt/d/qy/作战规划/论文/多层次行动指南/pddl/datasets/pddl/problems/scenario_0023/tactical.pddl,True,,True,,True,0.7966086864471436,3,0,0.800548791885376
scenario_0023,technical,/mnt/d/qy/作战规划/论文/多层次行动指南/pddl/datasets/pddl/problems/scenario_0023/technical.pddl,True,,True,,True,0.6170096397399902,3,0,0.6203041076660156
scenario_0024,strategic,/mnt/d/qy/作战规划/论文/多层次行动指南/pddl/datasets/pddl/problems/scenario_0024/strategic.pddl,True,,True,,True,0.6741375923156738,3,0,0.6764273643493652
scenario_0024,tactical,/mnt/d/qy/作战规划/论文/多层次行动指南/pddl/datasets/pddl/problems/scenario_0024/tactical.pddl,True,,True,,True,0.7343769073486328,3,0,0.7357697486877441
scenario_0024,technical,/mnt/d/qy/作战规划/论文/多层次行动指南/pddl/datasets/pddl/problems/scenario_0024/technical.pddl,True,,True,,True,0.6417231559753418,3,0,0.6467471122741699
scenario_0025,strategic,/mnt/d/qy/作战规划/论文/多层次行动指南/pddl/datasets/pddl/problems/scenario_0025/strategic.pddl,True,,True,,True,0.6011202335357666,3,0,0.6025371551513672
scenario_0025,tactical,/mnt/d/qy/作战规划/论文/多层次行动指南/pddl/datasets/pddl/problems/scenario_0025/tactical.pddl,True,,True,,True,0.6278281211853027,3,0,0.6342151165008545
scenario_0025,technical,/mnt/d/qy/作战规划/论文/多层次行动指南/pddl/datasets/pddl/problems/scenario_0025/technical.pddl,True,,True,,True,0.6372683048248291,3,0,0.6389732360839844
scenario_0026,strategic,/mnt/d/qy/作战规划/论文/多层次行动指南/pddl/datasets/pddl/problems/scenario_0026/strategic.pddl,True,,True,,True,0.7390811443328857,3,0,0.740631103515625
scenario_0026,tactical,/mnt/d/qy/作战规划/论文/多层次行动指南/pddl/datasets/pddl/problems/scenario_0026/tactical.pddl,True,,True,,True,0.6430141925811768,3,0,0.6452858448028564
scenario_0026,technical,/mnt/d/qy/作战规划/论文/多层次行动指南/pddl/datasets/pddl/problems/scenario_0026/technical.pddl,True,,True,,True,0.6372575759887695,3,0,0.6389548778533936
scenario_0027,strategic,/mnt/d/qy/作战规划/论文/多层次行动指南/pddl/datasets/pddl/problems/scenario_0027/strategic.pddl,True,,True,,True,0.6752538681030273,3,0,0.6766617298126221
scenario_0027,tactical,/mnt/d/qy/作战规划/论文/多层次行动指南/pddl/datasets/pddl/problems/scenario_0027/tactical.pddl,True,,True,,True,0.6207823753356934,3,0,0.6221692562103271
scenario_0027,technical,/mnt/d/qy/作战规划/论文/多层次行动指南/pddl/datasets/pddl/problems/scenario_0027/technical.pddl,True,,True,,True,0.6121261119842529,3,0,0.6140942573547363
scenario_0028,strategic,/mnt/d/qy/作战规划/论文/多层次行动指南/pddl/datasets/pddl/problems/scenario_0028/strategic.pddl,True,,True,,True,0.6691336631774902,3,0,0.6710488796234131
scenario_0028,tactical,/mnt/d/qy/作战规划/论文/多层次行动指南/pddl/datasets/pddl/problems/scenario_0028/tactical.pddl,True,,True,,True,0.6211001873016357,3,0,0.6226503849029541
scenario_0028,technical,/mnt/d/qy/作战规划/论文/多层次行动指南/pddl/datasets/pddl/problems/scenario_0028/technical.pddl,True,,True,,True,0.5857000350952148,3,0,0.5871522426605225
scenario_0029,strategic,/mnt/d/qy/作战规划/论文/多层次行动指南/pddl/datasets/pddl/problems/scenario_0029/strategic.pddl,True,,True,,False,0.5992729663848877,0,0,0.6046755313873291
scenario_0029,tactical,/mnt/d/qy/作战规划/论文/多层次行动指南/pddl/datasets/pddl/problems/scenario_0029/tactical.pddl,True,,True,,True,0.6131613254547119,3,0,0.6147637367248535
scenario_0029,technical,/mnt/d/qy/作战规划/论文/多层次行动指南/pddl/datasets/pddl/problems/scenario_0029/technical.pddl,True,,True,,True,0.7769930362701416,3,0,0.7784113883972168
scenario_0030,strategic,/mnt/d/qy/作战规划/论文/多层次行动指南/pddl/datasets/pddl/problems/scenario_0030/strategic.pddl,True,,True,,True,0.5948281288146973,3,0,0.5995678901672363
scenario_0030,tactical,/mnt/d/qy/作战规划/论文/多层次行动指南/pddl/datasets/pddl/problems/scenario_0030/tactical.pddl,True,,True,,True,0.6459887027740479,3,0,0.6474556922912598
scenario_0030,technical,/mnt/d/qy/作战规划/论文/多层次行动指南/pddl/datasets/pddl/problems/scenario_0030/technical.pddl,True,,True,,True,0.6306896209716797,3,0,0.6321203708648682
scenario_0031,strategic,/mnt/d/qy/作战规划/论文/多层次行动指南/pddl/datasets/pddl/problems/scenario_0031/strategic.pddl,True,,True,,True,0.6079366207122803,3,0,0.6093780994415283
scenario_0031,tactical,/mnt/d/qy/作战规划/论文/多层次行动指南/pddl/datasets/pddl/problems/scenario_0031/tactical.pddl,True,,True,,True,0.6501011848449707,3,0,0.6515586376190186
scenario_0031,technical,/mnt/d/qy/作战规划/论文/多层次行动指南/pddl/datasets/pddl/problems/scenario_0031/technical.pddl,True,,True,,True,0.7009718418121338,3,0,0.7024526596069336
scenario_0032,strategic,/mnt/d/qy/作战规划/论文/多层次行动指南/pddl/datasets/pddl/problems/scenario_0032/strategic.pddl,True,,True,,True,0.6906332969665527,3,0,0.6924691200256348
scenario_0032,tactical,/mnt/d/qy/作战规划/论文/多层次行动指南/pddl/datasets/pddl/problems/scenario_0032/tactical.pddl,True,,True,,True,0.5834946632385254,3,0,0.585913896560669
scenario_0032,technical,/mnt/d/qy/作战规划/论文/多层次行动指南/pddl/datasets/pddl/problems/scenario_0032/technical.pddl,True,,True,,True,0.6679801940917969,3,0,0.6698312759399414
scenario_0033,strategic,/mnt/d/qy/作战规划/论文/多层次行动指南/pddl/datasets/pddl/problems/scenario_0033/strategic.pddl,True,,True,,True,0.625816822052002,3,0,0.6328096389770508
scenario_0033,tactical,/mnt/d/qy/作战规划/论文/多层次行动指南/pddl/datasets/pddl/problems/scenario_0033/tactical.pddl,True,,True,,True,0.7806973457336426,3,0,0.782097339630127
scenario_0033,technical,/mnt/d/qy/作战规划/论文/多层次行动指南/pddl/datasets/pddl/problems/scenario_0033/technical.pddl,True,,True,,True,0.6122524738311768,3,0,0.615424633026123
scenario_0034,strategic,/mnt/d/qy/作战规划/论文/多层次行动指南/pddl/datasets/pddl/problems/scenario_0034/strategic.pddl,True,,True,,True,0.6273748874664307,3,0,0.629239559173584
scenario_0034,tactical,/mnt/d/qy/作战规划/论文/多层次行动指南/pddl/datasets/pddl/problems/scenario_0034/tactical.pddl,True,,True,,True,0.6290855407714844,3,0,0.6304836273193359
scenario_0034,technical,/mnt/d/qy/作战规划/论文/多层次行动指南/pddl/datasets/pddl/problems/scenario_0034/technical.pddl,True,,True,,True,0.6020622253417969,3,0,0.6035201549530029
scenario_0035,strategic,/mnt/d/qy/作战规划/论文/多层次行动指南/pddl/datasets/pddl/problems/scenario_0035/strategic.pddl,True,,True,,True,0.6729743480682373,3,0,0.6744716167449951
scenario_0035,tactical,/mnt/d/qy/作战规划/论文/多层次行动指南/pddl/datasets/pddl/problems/scenario_0035/tactical.pddl,True,,True,,True,0.5935842990875244,3,0,0.5950100421905518
scenario_0035,technical,/mnt/d/qy/作战规划/论文/多层次行动指南/pddl/datasets/pddl/problems/scenario_0035/technical.pddl,True,,True,,True,0.619882345199585,3,0,0.6222281455993652
scenario_0036,strategic,/mnt/d/qy/作战规划/论文/多层次行动指南/pddl/datasets/pddl/problems/scenario_0036/strategic.pddl,True,,True,,True,0.6042840480804443,3,0,0.6058018207550049
scenario_0036,tactical,/mnt/d/qy/作战规划/论文/多层次行动指南/pddl/datasets/pddl/problems/scenario_0036/tactical.pddl,True,,True,,True,0.6178092956542969,3,0,0.619361400604248
scenario_0036,technical,/mnt/d/qy/作战规划/论文/多层次行动指南/pddl/datasets/pddl/problems/scenario_0036/technical.pddl,True,,True,,True,0.6558313369750977,3,0,0.6576356887817383
scenario_0037,strategic,/mnt/d/qy/作战规划/论文/多层次行动指南/pddl/datasets/pddl/problems/scenario_0037/strategic.pddl,True,,True,,True,0.6744003295898438,3,0,0.6767182350158691
scenario_0037,tactical,/mnt/d/qy/作战规划/论文/多层次行动指南/pddl/datasets/pddl/problems/scenario_0037/tactical.pddl,True,,True,,True,0.6319525241851807,3,0,0.6334612369537354
scenario_0037,technical,/mnt/d/qy/作战规划/论文/多层次行动指南/pddl/datasets/pddl/problems/scenario_0037/technical.pddl,True,,True,,True,0.6288836002349854,3,0,0.6302685737609863
scenario_0038,strategic,/mnt/d/qy/作战规划/论文/多层次行动指南/pddl/datasets/pddl/problems/scenario_0038/strategic.pddl,True,,True,,True,0.6094529628753662,3,0,0.610832929611206
scenario_0038,tactical,/mnt/d/qy/作战规划/论文/多层次行动指南/pddl/datasets/pddl/problems/scenario_0038/tactical.pddl,True,,True,,True,0.6404886245727539,3,0,0.6419277191162109
scenario_0038,technical,/mnt/d/qy/作战规划/论文/多层次行动指南/pddl/datasets/pddl/problems/scenario_0038/technical.pddl,True,,True,,True,0.6743800640106201,3,0,0.6758859157562256
scenario_0039,strategic,/mnt/d/qy/作战规划/论文/多层次行动指南/pddl/datasets/pddl/problems/scenario_0039/strategic.pddl,True,,True,,True,0.674241304397583,3,0,0.6777315139770508
scenario_0039,tactical,/mnt/d/qy/作战规划/论文/多层次行动指南/pddl/datasets/pddl/problems/scenario_0039/tactical.pddl,True,,True,,True,0.650015115737915,3,0,0.6515903472900391
scenario_0039,technical,/mnt/d/qy/作战规划/论文/多层次行动指南/pddl/datasets/pddl/problems/scenario_0039/technical.pddl,True,,True,,True,0.6527647972106934,3,0,0.6543059349060059
scenario_0040,strategic,/mnt/d/qy/作战规划/论文/多层次行动指南/pddl/datasets/pddl/problems/scenario_0040/strategic.pddl,True,,True,,True,0.6233503818511963,3,0,0.6248214244842529
scenario_0040,tactical,/mnt/d/qy/作战规划/论文/多层次行动指南/pddl/datasets/pddl/problems/scenario_0040/tactical.pddl,True,,True,,True,0.6663072109222412,3,0,0.6677515506744385
scenario_0040,technical,/mnt/d/qy/作战规划/论文/多层次行动指南/pddl/datasets/pddl/problems/scenario_0040/technical.pddl,True,,True,,True,0.6346278190612793,3,0,0.6362917423248291
scenario_0041,strategic,/mnt/d/qy/作战规划/论文/多层次行动指南/pddl/datasets/pddl/problems/scenario_0041/strategic.pddl,True,,True,,True,0.7032561302185059,3,0,0.7048232555389404
scenario_0041,tactical,/mnt/d/qy/作战规划/论文/多层次行动指南/pddl/datasets/pddl/problems/scenario_0041/tactical.pddl,True,,True,,True,0.6045529842376709,3,0,0.6059751510620117
scenario_0041,technical,/mnt/d/qy/作战规划/论文/多层次行动指南/pddl/datasets/pddl/problems/scenario_0041/technical.pddl,True,,True,,True,0.6391899585723877,3,0,0.6405513286590576
scenario_0042,strategic,/mnt/d/qy/作战规划/论文/多层次行动指南/pddl/datasets/pddl/problems/scenario_0042/strategic.pddl,True,,True,,True,0.6347682476043701,3,0,0.6366710662841797
scenario_0042,tactical,/mnt/d/qy/作战规划/论文/多层次行动指南/pddl/datasets/pddl/problems/scenario_0042/tactical.pddl,True,,True,,True,0.6166601181030273,3,0,0.6180522441864014
scenario_0042,technical,/mnt/d/qy/作战规划/论文/多层次行动指南/pddl/datasets/pddl/problems/scenario_0042/technical.pddl,True,,True,,True,0.6101779937744141,3,0,0.6127958297729492
scenario_0043,strategic,/mnt/d/qy/作战规划/论文/多层次行动指南/pddl/datasets/pddl/problems/scenario_0043/strategic.pddl,True,,True,,True,0.6144735813140869,3,0,0.6159548759460449
scenario_0043,tactical,/mnt/d/qy/作战规划/论文/多层次行动指南/pddl/datasets/pddl/problems/scenario_0043/tactical.pddl,True,,True,,True,0.8159031867980957,3,0,0.8173081874847412
scenario_0043,technical,/mnt/d/qy/作战规划/论文/多层次行动指南/pddl/datasets/pddl/problems/scenario_0043/technical.pddl,True,,True,,True,0.7169568538665771,3,0,0.7188541889190674
scenario_0044,strategic,/mnt/d/qy/作战规划/论文/多层次行动指南/pddl/datasets/pddl/problems/scenario_0044/strategic.pddl,True,,True,,True,0.6389284133911133,3,0,0.6410937309265137
scenario_0044,tactical,/mnt/d/qy/作战规划/论文/多层次行动指南/pddl/datasets/pddl/problems/scenario_0044/tactical.pddl,True,,True,,True,0.6148111820220947,3,0,0.6176767349243164
scenario_0044,technical,/mnt/d/qy/作战规划/论文/多层次行动指南/pddl/datasets/pddl/problems/scenario_0044/technical.pddl,True,,True,,True,0.6125805377960205,3,0,0.6141064167022705
scenario_0045,strategic,/mnt/d/qy/作战规划/论文/多层次行动指南/pddl/datasets/pddl/problems/scenario_0045/strategic.pddl,True,,True,,True,0.6465024948120117,3,0,0.6479332447052002
scenario_0045,tactical,/mnt/d/qy/作战规划/论文/多层次行动指南/pddl/datasets/pddl/problems/scenario_0045/tactical.pddl,True,,True,,True,0.7125420570373535,3,0,0.7140476703643799
scenario_0045,technical,/mnt/d/qy/作战规划/论文/多层次行动指南/pddl/datasets/pddl/problems/scenario_0045/technical.pddl,True,,True,,True,0.6290841102600098,3,0,0.6348035335540771
scenario_0046,strategic,/mnt/d/qy/作战规划/论文/多层次行动指南/pddl/datasets/pddl/problems/scenario_0046/strategic.pddl,True,,True,,True,0.5956594944000244,3,0,0.5973529815673828
scenario_0046,tactical,/mnt/d/qy/作战规划/论文/多层次行动指南/pddl/datasets/pddl/problems/scenario_0046/tactical.pddl,True,,True,,True,0.6754300594329834,3,0,0.6770291328430176
scenario_0046,technical,/mnt/d/qy/作战规划/论文/多层次行动指南/pddl/datasets/pddl/problems/scenario_0046/technical.pddl,True,,True,,True,0.6200344562530518,3,0,0.6216790676116943
scenario_0047,strategic,/mnt/d/qy/作战规划/论文/多层次行动指南/pddl/datasets/pddl/problems/scenario_0047/strategic.pddl,True,,True,,True,0.6440730094909668,3,0,0.6455633640289307
scenario_0047,tactical,/mnt/d/qy/作战规划/论文/多层次行动指南/pddl/datasets/pddl/problems/scenario_0047/tactical.pddl,True,,True,,True,0.6307473182678223,3,0,0.6332850456237793
scenario_0047,technical,/mnt/d/qy/作战规划/论文/多层次行动指南/pddl/datasets/pddl/problems/scenario_0047/technical.pddl,True,,True,,True,0.6392703056335449,3,0,0.6406967639923096
scenario_0048,strategic,/mnt/d/qy/作战规划/论文/多层次行动指南/pddl/datasets/pddl/problems/scenario_0048/strategic.pddl,True,,True,,True,0.6360087394714355,3,0,0.6374692916870117
scenario_0048,tactical,/mnt/d/qy/作战规划/论文/多层次行动指南/pddl/datasets/pddl/problems/scenario_0048/tactical.pddl,True,,True,,True,0.6030623912811279,3,0,0.604485034942627
scenario_0048,technical,/mnt/d/qy/作战规划/论文/多层次行动指南/pddl/datasets/pddl/problems/scenario_0048/technical.pddl,True,,True,,True,0.6552114486694336,3,0,0.6661615371704102
scenario_0049,strategic,/mnt/d/qy/作战规划/论文/多层次行动指南/pddl/datasets/pddl/problems/scenario_0049/strategic.pddl,True,,True,,True,0.7040688991546631,3,0,0.7055466175079346
scenario_0049,tactical,/mnt/d/qy/作战规划/论文/多层次行动指南/pddl/datasets/pddl/problems/scenario_0049/tactical.pddl,True,,True,,True,0.6512947082519531,3,0,0.6527035236358643
scenario_0049,technical,/mnt/d/qy/作战规划/论文/多层次行动指南/pddl/datasets/pddl/problems/scenario_0049/technical.pddl,True,,True,,True,0.6265192031860352,3,0,0.6279544830322266
scenario_0050,strategic,/mnt/d/qy/作战规划/论文/多层次行动指南/pddl/datasets/pddl/problems/scenario_0050/strategic.pddl,True,,True,,True,0.589209794998169,3,0,0.5907111167907715
scenario_0050,tactical,/mnt/d/qy/作战规划/论文/多层次行动指南/pddl/datasets/pddl/problems/scenario_0050/tactical.pddl,True,,True,,True,0.6105332374572754,3,0,0.6120257377624512
scenario_0050,technical,/mnt/d/qy/作战规划/论文/多层次行动指南/pddl/datasets/pddl/problems/scenario_0050/technical.pddl,True,,True,,True,0.6738409996032715,3,0,0.6759974956512451
scenario_0051,strategic,/mnt/d/qy/作战规划/论文/多层次行动指南/pddl/datasets/pddl/problems/scenario_0051/strategic.pddl,True,,True,,True,0.6412875652313232,3,0,0.6427216529846191
scenario_0051,tactical,/mnt/d/qy/作战规划/论文/多层次行动指南/pddl/datasets/pddl/problems/scenario_0051/tactical.pddl,True,,True,,True,0.5871553421020508,3,0,0.5895013809204102
scenario_0051,technical,/mnt/d/qy/作战规划/论文/多层次行动指南/pddl/datasets/pddl/problems/scenario_0051/technical.pddl,True,,True,,True,0.6295754909515381,3,0,0.630934476852417
scenario_0052,strategic,/mnt/d/qy/作战规划/论文/多层次行动指南/pddl/datasets/pddl/problems/scenario_0052/strategic.pddl,True,,True,,True,0.6109802722930908,3,0,0.6123580932617188
scenario_0052,tactical,/mnt/d/qy/作战规划/论文/多层次行动指南/pddl/datasets/pddl/problems/scenario_0052/tactical.pddl,True,,True,,True,0.7466683387756348,3,0,0.7479736804962158
scenario_0052,technical,/mnt/d/qy/作战规划/论文/多层次行动指南/pddl/datasets/pddl/problems/scenario_0052/technical.pddl,True,,True,,True,0.6035943031311035,3,0,0.6051204204559326
scenario_0053,strategic,/mnt/d/qy/作战规划/论文/多层次行动指南/pddl/datasets/pddl/problems/scenario_0053/strategic.pddl,True,,True,,True,0.5727038383483887,3,0,0.5743916034698486
scenario_0053,tactical,/mnt/d/qy/作战规划/论文/多层次行动指南/pddl/datasets/pddl/problems/scenario_0053/tactical.pddl,True,,True,,True,0.6330797672271729,3,0,0.6345400810241699
scenario_0053,technical,/mnt/d/qy/作战规划/论文/多层次行动指南/pddl/datasets/pddl/problems/scenario_0053/technical.pddl,True,,True,,True,0.6007692813873291,3,0,0.6022217273712158
scenario_0054,strategic,/mnt/d/qy/作战规划/论文/多层次行动指南/pddl/datasets/pddl/problems/scenario_0054/strategic.pddl,True,,True,,True,0.755624532699585,3,0,0.7584133148193359
scenario_0054,tactical,/mnt/d/qy/作战规划/论文/多层次行动指南/pddl/datasets/pddl/problems/scenario_0054/tactical.pddl,True,,True,,True,0.6308901309967041,3,0,0.6334118843078613
scenario_0054,technical,/mnt/d/qy/作战规划/论文/多层次行动指南/pddl/datasets/pddl/problems/scenario_0054/technical.pddl,True,,True,,True,0.6297521591186523,3,0,0.6327414512634277
scenario_0055,strategic,/mnt/d/qy/作战规划/论文/多层次行动指南/pddl/datasets/pddl/problems/scenario_0055/strategic.pddl,True,,True,,True,0.5814499855041504,3,0,0.5828664302825928
scenario_0055,tactical,/mnt/d/qy/作战规划/论文/多层次行动指南/pddl/datasets/pddl/problems/scenario_0055/tactical.pddl,True,,True,,True,0.6766002178192139,3,0,0.6779510974884033
scenario_0055,technical,/mnt/d/qy/作战规划/论文/多层次行动指南/pddl/datasets/pddl/problems/scenario_0055/technical.pddl,True,,True,,True,0.6411573886871338,3,0,0.6426582336425781
scenario_0056,strategic,/mnt/d/qy/作战规划/论文/多层次行动指南/pddl/datasets/pddl/problems/scenario_0056/strategic.pddl,True,,True,,True,0.7036547660827637,3,0,0.7057781219482422
scenario_0056,tactical,/mnt/d/qy/作战规划/论文/多层次行动指南/pddl/datasets/pddl/problems/scenario_0056/tactical.pddl,True,,True,,True,0.6474442481994629,3,0,0.6491708755493164
scenario_0056,technical,/mnt/d/qy/作战规划/论文/多层次行动指南/pddl/datasets/pddl/problems/scenario_0056/technical.pddl,True,,True,,True,0.6195933818817139,3,0,0.627932071685791
scenario_0057,strategic,/mnt/d/qy/作战规划/论文/多层次行动指南/pddl/datasets/pddl/problems/scenario_0057/strategic.pddl,True,,True,,True,0.6361548900604248,3,0,0.6375854015350342
scenario_0057,tactical,/mnt/d/qy/作战规划/论文/多层次行动指南/pddl/datasets/pddl/problems/scenario_0057/tactical.pddl,True,,True,,True,0.6283736228942871,3,0,0.6298015117645264
scenario_0057,technical,/mnt/d/qy/作战规划/论文/多层次行动指南/pddl/datasets/pddl/problems/scenario_0057/technical.pddl,True,,True,,True,0.6801230907440186,3,0,0.68221116065979
scenario_0058,strategic,/mnt/d/qy/作战规划/论文/多层次行动指南/pddl/datasets/pddl/problems/scenario_0058/strategic.pddl,True,,True,,True,0.650310754776001,3,0,0.651900053024292
scenario_0058,tactical,/mnt/d/qy/作战规划/论文/多层次行动指南/pddl/datasets/pddl/problems/scenario_0058/tactical.pddl,True,,True,,True,0.6515979766845703,3,0,0.6564435958862305
scenario_0058,technical,/mnt/d/qy/作战规划/论文/多层次行动指南/pddl/datasets/pddl/problems/scenario_0058/technical.pddl,True,,True,,True,0.6127955913543701,3,0,0.6144614219665527
scenario_0059,strategic,/mnt/d/qy/作战规划/论文/多层次行动指南/pddl/datasets/pddl/problems/scenario_0059/strategic.pddl,True,,True,,True,0.6352734565734863,3,0,0.636695384979248
scenario_0059,tactical,/mnt/d/qy/作战规划/论文/多层次行动指南/pddl/datasets/pddl/problems/scenario_0059/tactical.pddl,True,,True,,True,0.6633710861206055,3,0,0.6652431488037109
scenario_0059,technical,/mnt/d/qy/作战规划/论文/多层次行动指南/pddl/datasets/pddl/problems/scenario_0059/technical.pddl,True,,True,,True,0.6214416027069092,3,0,0.6229455471038818
scenario_0060,strategic,/mnt/d/qy/作战规划/论文/多层次行动指南/pddl/datasets/pddl/problems/scenario_0060/strategic.pddl,True,,True,,True,0.5896973609924316,3,0,0.5917184352874756
scenario_0060,tactical,/mnt/d/qy/作战规划/论文/多层次行动指南/pddl/datasets/pddl/problems/scenario_0060/tactical.pddl,True,,True,,True,0.6508681774139404,3,0,0.6522338390350342
scenario_0060,technical,/mnt/d/qy/作战规划/论文/多层次行动指南/pddl/datasets/pddl/problems/scenario_0060/technical.pddl,True,,True,,True,0.673262357711792,3,0,0.6747815608978271
scenario_0061,strategic,/mnt/d/qy/作战规划/论文/多层次行动指南/pddl/datasets/pddl/problems/scenario_0061/strategic.pddl,True,,True,,True,0.6848814487457275,3,0,0.6866428852081299
scenario_0061,tactical,/mnt/d/qy/作战规划/论文/多层次行动指南/pddl/datasets/pddl/problems/scenario_0061/tactical.pddl,True,,True,,True,0.6142282485961914,3,0,0.6156649589538574
scenario_0061,technical,/mnt/d/qy/作战规划/论文/多层次行动指南/pddl/datasets/pddl/problems/scenario_0061/technical.pddl,True,,True,,True,0.6267919540405273,3,0,0.6281776428222656
scenario_0062,strategic,/mnt/d/qy/作战规划/论文/多层次行动指南/pddl/datasets/pddl/problems/scenario_0062/strategic.pddl,True,,True,,True,0.6344137191772461,3,0,0.6367354393005371
scenario_0062,tactical,/mnt/d/qy/作战规划/论文/多层次行动指南/pddl/datasets/pddl/problems/scenario_0062/tactical.pddl,True,,True,,True,0.6337389945983887,3,0,0.6352183818817139
scenario_0062,technical,/mnt/d/qy/作战规划/论文/多层次行动指南/pddl/datasets/pddl/problems/scenario_0062/technical.pddl,True,,True,,True,0.7551238536834717,3,0,0.7569870948791504
scenario_0063,strategic,/mnt/d/qy/作战规划/论文/多层次行动指南/pddl/datasets/pddl/problems/scenario_0063/strategic.pddl,True,,True,,True,0.6378970146179199,3,0,0.6392951011657715
scenario_0063,tactical,/mnt/d/qy/作战规划/论文/多层次行动指南/pddl/datasets/pddl/problems/scenario_0063/tactical.pddl,True,,True,,True,0.6785027980804443,3,0,0.68025803565979
scenario_0063,technical,/mnt/d/qy/作战规划/论文/多层次行动指南/pddl/datasets/pddl/problems/scenario_0063/technical.pddl,True,,True,,True,0.634455680847168,3,0,0.6359138488769531
scenario_0064,strategic,/mnt/d/qy/作战规划/论文/多层次行动指南/pddl/datasets/pddl/problems/scenario_0064/strategic.pddl,True,,True,,True,0.6490545272827148,3,0,0.6504483222961426
scenario_0064,tactical,/mnt/d/qy/作战规划/论文/多层次行动指南/pddl/datasets/pddl/problems/scenario_0064/tactical.pddl,True,,True,,True,0.6846866607666016,3,0,0.6862435340881348
scenario_0064,technical,/mnt/d/qy/作战规划/论文/多层次行动指南/pddl/datasets/pddl/problems/scenario_0064/technical.pddl,True,,True,,True,0.6139991283416748,3,0,0.6199245452880859
scenario_0065,strategic,/mnt/d/qy/作战规划/论文/多层次行动指南/pddl/datasets/pddl/problems/scenario_0065/strategic.pddl,True,,True,,True,0.6355199813842773,3,0,0.6369478702545166
scenario_0065,tactical,/mnt/d/qy/作战规划/论文/多层次行动指南/pddl/datasets/pddl/problems/scenario_0065/tactical.pddl,True,,True,,True,0.6123528480529785,3,0,0.6139030456542969
scenario_0065,technical,/mnt/d/qy/作战规划/论文/多层次行动指南/pddl/datasets/pddl/problems/scenario_0065/technical.pddl,True,,True,,True,0.6587910652160645,3,0,0.6609516143798828
scenario_0066,strategic,/mnt/d/qy/作战规划/论文/多层次行动指南/pddl/datasets/pddl/problems/scenario_0066/strategic.pddl,True,,True,,True,0.7986083030700684,3,0,0.8000872135162354
scenario_0066,tactical,/mnt/d/qy/作战规划/论文/多层次行动指南/pddl/datasets/pddl/problems/scenario_0066/tactical.pddl,True,,True,,True,0.6661098003387451,3,0,0.669335126876831
scenario_0066,technical,/mnt/d/qy/作战规划/论文/多层次行动指南/pddl/datasets/pddl/problems/scenario_0066/technical.pddl,True,,True,,True,0.6087188720703125,3,0,0.6152215003967285
scenario_0067,strategic,/mnt/d/qy/作战规划/论文/多层次行动指南/pddl/datasets/pddl/problems/scenario_0067/strategic.pddl,True,,True,,True,0.6442527770996094,3,0,0.6457855701446533
scenario_0067,tactical,/mnt/d/qy/作战规划/论文/多层次行动指南/pddl/datasets/pddl/problems/scenario_0067/tactical.pddl,True,,True,,True,0.6454613208770752,3,0,0.6474339962005615
scenario_0067,technical,/mnt/d/qy/作战规划/论文/多层次行动指南/pddl/datasets/pddl/problems/scenario_0067/technical.pddl,True,,True,,True,0.7499284744262695,3,0,0.7514586448669434
scenario_0068,strategic,/mnt/d/qy/作战规划/论文/多层次行动指南/pddl/datasets/pddl/problems/scenario_0068/strategic.pddl,True,,True,,True,0.6429014205932617,3,0,0.6467103958129883
scenario_0068,tactical,/mnt/d/qy/作战规划/论文/多层次行动指南/pddl/datasets/pddl/problems/scenario_0068/tactical.pddl,True,,True,,True,0.6303722858428955,3,0,0.6318912506103516
scenario_0068,technical,/mnt/d/qy/作战规划/论文/多层次行动指南/pddl/datasets/pddl/problems/scenario_0068/technical.pddl,True,,True,,True,0.6301515102386475,3,0,0.6316499710083008
scenario_0069,strategic,/mnt/d/qy/作战规划/论文/多层次行动指南/pddl/datasets/pddl/problems/scenario_0069/strategic.pddl,True,,True,,True,0.635732889175415,3,0,0.6378536224365234
scenario_0069,tactical,/mnt/d/qy/作战规划/论文/多层次行动指南/pddl/datasets/pddl/problems/scenario_0069/tactical.pddl,True,,True,,True,0.6076626777648926,3,0,0.6090326309204102
scenario_0069,technical,/mnt/d/qy/作战规划/论文/多层次行动指南/pddl/datasets/pddl/problems/scenario_0069/technical.pddl,True,,True,,True,0.7407376766204834,3,0,0.7425014972686768
scenario_0070,strategic,/mnt/d/qy/作战规划/论文/多层次行动指南/pddl/datasets/pddl/problems/scenario_0070/strategic.pddl,True,,True,,True,0.6298730373382568,3,0,0.6319916248321533
scenario_0070,tactical,/mnt/d/qy/作战规划/论文/多层次行动指南/pddl/datasets/pddl/problems/scenario_0070/tactical.pddl,True,,True,,True,0.6175048351287842,3,0,0.6189117431640625
scenario_0070,technical,/mnt/d/qy/作战规划/论文/多层次行动指南/pddl/datasets/pddl/problems/scenario_0070/technical.pddl,True,,True,,True,0.6164646148681641,3,0,0.61781907081604
scenario_0071,strategic,/mnt/d/qy/作战规划/论文/多层次行动指南/pddl/datasets/pddl/problems/scenario_0071/strategic.pddl,True,,True,,True,0.6419858932495117,3,0,0.6434211730957031
scenario_0071,tactical,/mnt/d/qy/作战规划/论文/多层次行动指南/pddl/datasets/pddl/problems/scenario_0071/tactical.pddl,True,,True,,True,0.7548677921295166,3,0,0.7598683834075928
scenario_0071,technical,/mnt/d/qy/作战规划/论文/多层次行动指南/pddl/datasets/pddl/problems/scenario_0071/technical.pddl,True,,True,,True,0.624622106552124,3,0,0.6260359287261963
scenario_0072,strategic,/mnt/d/qy/作战规划/论文/多层次行动指南/pddl/datasets/pddl/problems/scenario_0072/strategic.pddl,True,,True,,True,0.5807514190673828,3,0,0.5833873748779297
scenario_0072,tactical,/mnt/d/qy/作战规划/论文/多层次行动指南/pddl/datasets/pddl/problems/scenario_0072/tactical.pddl,True,,True,,True,0.625251293182373,3,0,0.6266951560974121
scenario_0072,technical,/mnt/d/qy/作战规划/论文/多层次行动指南/pddl/datasets/pddl/problems/scenario_0072/technical.pddl,True,,True,,True,0.6342818737030029,3,0,0.6394820213317871
scenario_0073,strategic,/mnt/d/qy/作战规划/论文/多层次行动指南/pddl/datasets/pddl/problems/scenario_0073/strategic.pddl,True,,True,,True,0.7158827781677246,3,0,0.718743085861206
scenario_0073,tactical,/mnt/d/qy/作战规划/论文/多层次行动指南/pddl/datasets/pddl/problems/scenario_0073/tactical.pddl,True,,True,,True,0.6334807872772217,3,0,0.6356668472290039
scenario_0073,technical,/mnt/d/qy/作战规划/论文/多层次行动指南/pddl/datasets/pddl/problems/scenario_0073/technical.pddl,True,,True,,True,0.7029099464416504,3,0,0.7051868438720703
scenario_0074,strategic,/mnt/d/qy/作战规划/论文/多层次行动指南/pddl/datasets/pddl/problems/scenario_0074/strategic.pddl,True,,True,,True,0.7155919075012207,3,0,0.7170600891113281
scenario_0074,tactical,/mnt/d/qy/作战规划/论文/多层次行动指南/pddl/datasets/pddl/problems/scenario_0074/tactical.pddl,True,,True,,True,0.6504902839660645,3,0,0.6519775390625
scenario_0074,technical,/mnt/d/qy/作战规划/论文/多层次行动指南/pddl/datasets/pddl/problems/scenario_0074/technical.pddl,True,,True,,True,0.720618724822998,3,0,0.7221026420593262
scenario_0075,strategic,/mnt/d/qy/作战规划/论文/多层次行动指南/pddl/datasets/pddl/problems/scenario_0075/strategic.pddl,True,,True,,True,0.6021993160247803,3,0,0.6040165424346924
scenario_0075,tactical,/mnt/d/qy/作战规划/论文/多层次行动指南/pddl/datasets/pddl/problems/scenario_0075/tactical.pddl,True,,True,,True,0.620751142501831,3,0,0.6221644878387451
scenario_0075,technical,/mnt/d/qy/作战规划/论文/多层次行动指南/pddl/datasets/pddl/problems/scenario_0075/technical.pddl,True,,True,,True,0.6865265369415283,3,0,0.6896569728851318
scenario_0076,strategic,/mnt/d/qy/作战规划/论文/多层次行动指南/pddl/datasets/pddl/problems/scenario_0076/strategic.pddl,True,,True,,True,0.6946220397949219,3,0,0.6961450576782227
scenario_0076,tactical,/mnt/d/qy/作战规划/论文/多层次行动指南/pddl/datasets/pddl/problems/scenario_0076/tactical.pddl,True,,True,,True,0.5825850963592529,3,0,0.584071159362793
scenario_0076,technical,/mnt/d/qy/作战规划/论文/多层次行动指南/pddl/datasets/pddl/problems/scenario_0076/technical.pddl,True,,True,,True,0.6090683937072754,3,0,0.6115865707397461
scenario_0077,strategic,/mnt/d/qy/作战规划/论文/多层次行动指南/pddl/datasets/pddl/problems/scenario_0077/strategic.pddl,True,,True,,True,0.6533515453338623,3,0,0.6548671722412109
scenario_0077,tactical,/mnt/d/qy/作战规划/论文/多层次行动指南/pddl/datasets/pddl/problems/scenario_0077/tactical.pddl,True,,True,,True,0.6247329711914062,3,0,0.6261382102966309
scenario_0077,technical,/mnt/d/qy/作战规划/论文/多层次行动指南/pddl/datasets/pddl/problems/scenario_0077/technical.pddl,True,,True,,True,0.6189305782318115,3,0,0.6204376220703125
scenario_0078,strategic,/mnt/d/qy/作战规划/论文/多层次行动指南/pddl/datasets/pddl/problems/scenario_0078/strategic.pddl,True,,True,,True,0.6078119277954102,3,0,0.6093425750732422
scenario_0078,tactical,/mnt/d/qy/作战规划/论文/多层次行动指南/pddl/datasets/pddl/problems/scenario_0078/tactical.pddl,True,,True,,True,0.668792724609375,3,0,0.6755008697509766
scenario_0078,technical,/mnt/d/qy/作战规划/论文/多层次行动指南/pddl/datasets/pddl/problems/scenario_0078/technical.pddl,True,,True,,True,0.6673851013183594,3,0,0.6688907146453857
scenario_0079,strategic,/mnt/d/qy/作战规划/论文/多层次行动指南/pddl/datasets/pddl/problems/scenario_0079/strategic.pddl,True,,True,,True,0.6069600582122803,3,0,0.6084659099578857
scenario_0079,tactical,/mnt/d/qy/作战规划/论文/多层次行动指南/pddl/datasets/pddl/problems/scenario_0079/tactical.pddl,True,,True,,True,0.5798361301422119,3,0,0.5812869071960449
scenario_0079,technical,/mnt/d/qy/作战规划/论文/多层次行动指南/pddl/datasets/pddl/problems/scenario_0079/technical.pddl,True,,True,,True,0.6129851341247559,3,0,0.614445686340332
scenario_0080,strategic,/mnt/d/qy/作战规划/论文/多层次行动指南/pddl/datasets/pddl/problems/scenario_0080/strategic.pddl,True,,True,,True,0.728710412979126,3,0,0.7306184768676758
scenario_0080,tactical,/mnt/d/qy/作战规划/论文/多层次行动指南/pddl/datasets/pddl/problems/scenario_0080/tactical.pddl,True,,True,,True,0.611497163772583,3,0,0.6132111549377441
scenario_0080,technical,/mnt/d/qy/作战规划/论文/多层次行动指南/pddl/datasets/pddl/problems/scenario_0080/technical.pddl,True,,True,,True,0.6102018356323242,3,0,0.6116690635681152
scenario_0081,strategic,/mnt/d/qy/作战规划/论文/多层次行动指南/pddl/datasets/pddl/problems/scenario_0081/strategic.pddl,True,,True,,True,0.6345326900482178,3,0,0.6367447376251221
scenario_0081,tactical,/mnt/d/qy/作战规划/论文/多层次行动指南/pddl/datasets/pddl/problems/scenario_0081/tactical.pddl,True,,True,,True,0.6281235218048096,3,0,0.6298625469207764
scenario_0081,technical,/mnt/d/qy/作战规划/论文/多层次行动指南/pddl/datasets/pddl/problems/scenario_0081/technical.pddl,True,,True,,True,0.6763269901275635,3,0,0.6778318881988525
scenario_0082,strategic,/mnt/d/qy/作战规划/论文/多层次行动指南/pddl/datasets/pddl/problems/scenario_0082/strategic.pddl,True,,True,,True,0.631441593170166,3,0,0.6329541206359863
scenario_0082,tactical,/mnt/d/qy/作战规划/论文/多层次行动指南/pddl/datasets/pddl/problems/scenario_0082/tactical.pddl,True,,True,,True,0.6838631629943848,3,0,0.685474157333374
scenario_0082,technical,/mnt/d/qy/作战规划/论文/多层次行动指南/pddl/datasets/pddl/problems/scenario_0082/technical.pddl,True,,True,,True,0.6252672672271729,3,0,0.626678466796875
scenario_0083,strategic,/mnt/d/qy/作战规划/论文/多层次行动指南/pddl/datasets/pddl/problems/scenario_0083/strategic.pddl,True,,True,,True,0.628331184387207,3,0,0.6350972652435303
scenario_0083,tactical,/mnt/d/qy/作战规划/论文/多层次行动指南/pddl/datasets/pddl/problems/scenario_0083/tactical.pddl,True,,True,,True,0.6948344707489014,3,0,0.6962246894836426
scenario_0083,technical,/mnt/d/qy/作战规划/论文/多层次行动指南/pddl/datasets/pddl/problems/scenario_0083/technical.pddl,True,,True,,True,0.6231703758239746,3,0,0.624565601348877
scenario_0084,strategic,/mnt/d/qy/作战规划/论文/多层次行动指南/pddl/datasets/pddl/problems/scenario_0084/strategic.pddl,True,,True,,True,0.6327166557312012,3,0,0.6373136043548584
scenario_0084,tactical,/mnt/d/qy/作战规划/论文/多层次行动指南/pddl/datasets/pddl/problems/scenario_0084/tactical.pddl,True,,True,,True,0.623389720916748,3,0,0.6250514984130859
scenario_0084,technical,/mnt/d/qy/作战规划/论文/多层次行动指南/pddl/datasets/pddl/problems/scenario_0084/technical.pddl,True,,True,,True,0.617243766784668,3,0,0.6188528537750244
scenario_0085,strategic,/mnt/d/qy/作战规划/论文/多层次行动指南/pddl/datasets/pddl/problems/scenario_0085/strategic.pddl,True,,True,,True,0.6495850086212158,3,0,0.6510703563690186
scenario_0085,tactical,/mnt/d/qy/作战规划/论文/多层次行动指南/pddl/datasets/pddl/problems/scenario_0085/tactical.pddl,True,,True,,True,0.6045632362365723,3,0,0.6059837341308594
scenario_0085,technical,/mnt/d/qy/作战规划/论文/多层次行动指南/pddl/datasets/pddl/problems/scenario_0085/technical.pddl,True,,True,,True,0.6393535137176514,3,0,0.6407914161682129
scenario_0086,strategic,/mnt/d/qy/作战规划/论文/多层次行动指南/pddl/datasets/pddl/problems/scenario_0086/strategic.pddl,True,,True,,True,0.6382129192352295,3,0,0.6398098468780518
scenario_0086,tactical,/mnt/d/qy/作战规划/论文/多层次行动指南/pddl/datasets/pddl/problems/scenario_0086/tactical.pddl,True,,True,,True,0.6155662536621094,3,0,0.6171603202819824
scenario_0086,technical,/mnt/d/qy/作战规划/论文/多层次行动指南/pddl/datasets/pddl/problems/scenario_0086/technical.pddl,True,,True,,True,0.6292390823364258,3,0,0.6308302879333496
scenario_0087,strategic,/mnt/d/qy/作战规划/论文/多层次行动指南/pddl/datasets/pddl/problems/scenario_0087/strategic.pddl,True,,True,,True,0.6166534423828125,3,0,0.6182501316070557
scenario_0087,tactical,/mnt/d/qy/作战规划/论文/多层次行动指南/pddl/datasets/pddl/problems/scenario_0087/tactical.pddl,True,,True,,True,0.6077194213867188,3,0,0.6092143058776855
scenario_0087,technical,/mnt/d/qy/作战规划/论文/多层次行动指南/pddl/datasets/pddl/problems/scenario_0087/technical.pddl,True,,True,,True,0.6051962375640869,3,0,0.6065804958343506
scenario_0088,strategic,/mnt/d/qy/作战规划/论文/多层次行动指南/pddl/datasets/pddl/problems/scenario_0088/strategic.pddl,True,,True,,True,0.6461994647979736,3,0,0.6475656032562256
scenario_0088,tactical,/mnt/d/qy/作战规划/论文/多层次行动指南/pddl/datasets/pddl/problems/scenario_0088/tactical.pddl,True,,True,,True,0.6261379718780518,3,0,0.6275537014007568
scenario_0088,technical,/mnt/d/qy/作战规划/论文/多层次行动指南/pddl/datasets/pddl/problems/scenario_0088/technical.pddl,True,,True,,True,0.6572813987731934,3,0,0.6587293148040771
scenario_0089,strategic,/mnt/d/qy/作战规划/论文/多层次行动指南/pddl/datasets/pddl/problems/scenario_0089/strategic.pddl,True,,True,,True,0.6456420421600342,3,0,0.6476569175720215
scenario_0089,tactical,/mnt/d/qy/作战规划/论文/多层次行动指南/pddl/datasets/pddl/problems/scenario_0089/tactical.pddl,True,,True,,True,0.6129822731018066,3,0,0.6150875091552734
scenario_0089,technical,/mnt/d/qy/作战规划/论文/多层次行动指南/pddl/datasets/pddl/problems/scenario_0089/technical.pddl,True,,True,,True,0.7004091739654541,3,0,0.7021665573120117
scenario_0090,strategic,/mnt/d/qy/作战规划/论文/多层次行动指南/pddl/datasets/pddl/problems/scenario_0090/strategic.pddl,True,,True,,True,0.6381545066833496,3,0,0.6405699253082275
scenario_0090,tactical,/mnt/d/qy/作战规划/论文/多层次行动指南/pddl/datasets/pddl/problems/scenario_0090/tactical.pddl,True,,True,,True,0.7235286235809326,3,0,0.7250502109527588
scenario_0090,technical,/mnt/d/qy/作战规划/论文/多层次行动指南/pddl/datasets/pddl/problems/scenario_0090/technical.pddl,True,,True,,True,0.6461536884307861,3,0,0.6477429866790771
scenario_0091,strategic,/mnt/d/qy/作战规划/论文/多层次行动指南/pddl/datasets/pddl/problems/scenario_0091/strategic.pddl,True,,True,,True,0.6402812004089355,3,0,0.6418008804321289
scenario_0091,tactical,/mnt/d/qy/作战规划/论文/多层次行动指南/pddl/datasets/pddl/problems/scenario_0091/tactical.pddl,True,,True,,True,0.6834416389465332,3,0,0.6848602294921875
scenario_0091,technical,/mnt/d/qy/作战规划/论文/多层次行动指南/pddl/datasets/pddl/problems/scenario_0091/technical.pddl,True,,True,,True,0.7037103176116943,3,0,0.7057058811187744
scenario_0092,strategic,/mnt/d/qy/作战规划/论文/多层次行动指南/pddl/datasets/pddl/problems/scenario_0092/strategic.pddl,True,,True,,True,0.6341822147369385,3,0,0.6357145309448242
scenario_0092,tactical,/mnt/d/qy/作战规划/论文/多层次行动指南/pddl/datasets/pddl/problems/scenario_0092/tactical.pddl,True,,True,,True,0.5889606475830078,3,0,0.5932571887969971
scenario_0092,technical,/mnt/d/qy/作战规划/论文/多层次行动指南/pddl/datasets/pddl/problems/scenario_0092/technical.pddl,True,,True,,True,0.5991628170013428,3,0,0.6005206108093262
scenario_0096,strategic,/mnt/d/qy/作战规划/论文/多层次行动指南/pddl/datasets/pddl/problems/scenario_0096/strategic.pddl,True,,True,,True,0.6416938304901123,3,0,0.6439230442047119
scenario_0096,tactical,/mnt/d/qy/作战规划/论文/多层次行动指南/pddl/datasets/pddl/problems/scenario_0096/tactical.pddl,True,,True,,True,0.5828475952148438,3,0,0.5875413417816162
scenario_0096,technical,/mnt/d/qy/作战规划/论文/多层次行动指南/pddl/datasets/pddl/problems/scenario_0096/technical.pddl,True,,True,,True,0.6895828247070312,3,0,0.6916024684906006
scenario_0902,strategic,/mnt/d/qy/作战规划/论文/多层次行动指南/pddl/datasets/pddl/problems/scenario_0902/strategic.pddl,True,,True,,True,0.6349592208862305,3,0,0.6363527774810791
scenario_0902,tactical,/mnt/d/qy/作战规划/论文/多层次行动指南/pddl/datasets/pddl/problems/scenario_0902/tactical.pddl,True,,True,,True,0.576958179473877,3,0,0.5783956050872803
scenario_0902,technical,/mnt/d/qy/作战规划/论文/多层次行动指南/pddl/datasets/pddl/problems/scenario_0902/technical.pddl,True,,True,,True,0.6299951076507568,3,0,0.6313881874084473
scenario_1278,strategic,/mnt/d/qy/作战规划/论文/多层次行动指南/pddl/datasets/pddl/problems/scenario_1278/strategic.pddl,True,,True,,True,0.6606605052947998,3,0,0.6632695198059082
scenario_1278,tactical,/mnt/d/qy/作战规划/论文/多层次行动指南/pddl/datasets/pddl/problems/scenario_1278/tactical.pddl,True,,True,,True,0.7137672901153564,3,0,0.7158989906311035
scenario_1278,technical,/mnt/d/qy/作战规划/论文/多层次行动指南/pddl/datasets/pddl/problems/scenario_1278/technical.pddl,True,,True,,True,0.6198790073394775,3,0,0.621337890625
scenario_1279,strategic,/mnt/d/qy/作战规划/论文/多层次行动指南/pddl/datasets/pddl/problems/scenario_1279/strategic.pddl,True,,True,,True,0.6243534088134766,3,0,0.6258320808410645
scenario_1279,tactical,/mnt/d/qy/作战规划/论文/多层次行动指南/pddl/datasets/pddl/problems/scenario_1279/tactical.pddl,True,,True,,True,0.6366739273071289,3,0,0.6381793022155762
scenario_1279,technical,/mnt/d/qy/作战规划/论文/多层次行动指南/pddl/datasets/pddl/problems/scenario_1279/technical.pddl,True,,True,,True,0.6384000778198242,3,0,0.6419737339019775
scenario_1280,strategic,/mnt/d/qy/作战规划/论文/多层次行动指南/pddl/datasets/pddl/problems/scenario_1280/strategic.pddl,True,,True,,True,0.633075475692749,3,0,0.6352968215942383
scenario_1280,tactical,/mnt/d/qy/作战规划/论文/多层次行动指南/pddl/datasets/pddl/problems/scenario_1280/tactical.pddl,True,,True,,True,0.5897386074066162,3,0,0.591210126876831
scenario_1280,technical,/mnt/d/qy/作战规划/论文/多层次行动指南/pddl/datasets/pddl/problems/scenario_1280/technical.pddl,True,,True,,True,0.6040506362915039,3,0,0.6059942245483398
scenario_1281,strategic,/mnt/d/qy/作战规划/论文/多层次行动指南/pddl/datasets/pddl/problems/scenario_1281/strategic.pddl,True,,True,,True,0.628192663192749,3,0,0.6297082901000977
scenario_1281,tactical,/mnt/d/qy/作战规划/论文/多层次行动指南/pddl/datasets/pddl/problems/scenario_1281/tactical.pddl,True,,True,,True,0.5775067806243896,3,0,0.58302903175354
scenario_1281,technical,/mnt/d/qy/作战规划/论文/多层次行动指南/pddl/datasets/pddl/problems/scenario_1281/technical.pddl,True,,True,,True,0.5936603546142578,3,0,0.5952761173248291
scenario_1282,strategic,/mnt/d/qy/作战规划/论文/多层次行动指南/pddl/datasets/pddl/problems/scenario_1282/strategic.pddl,True,,True,,True,0.5856184959411621,3,0,0.5870764255523682
scenario_1282,tactical,/mnt/d/qy/作战规划/论文/多层次行动指南/pddl/datasets/pddl/problems/scenario_1282/tactical.pddl,True,,True,,True,0.5990970134735107,3,0,0.6005089282989502
scenario_1282,technical,/mnt/d/qy/作战规划/论文/多层次行动指南/pddl/datasets/pddl/problems/scenario_1282/technical.pddl,True,,True,,True,0.664292573928833,3,0,0.6688368320465088
scenario_1283,strategic,/mnt/d/qy/作战规划/论文/多层次行动指南/pddl/datasets/pddl/problems/scenario_1283/strategic.pddl,True,,True,,True,0.6017258167266846,3,0,0.6032352447509766
scenario_1283,tactical,/mnt/d/qy/作战规划/论文/多层次行动指南/pddl/datasets/pddl/problems/scenario_1283/tactical.pddl,True,,True,,True,0.6219031810760498,3,0,0.623274564743042
scenario_1283,technical,/mnt/d/qy/作战规划/论文/多层次行动指南/pddl/datasets/pddl/problems/scenario_1283/technical.pddl,True,,True,,True,0.6266376972198486,3,0,0.633857250213623
scenario_1284,strategic,/mnt/d/qy/作战规划/论文/多层次行动指南/pddl/datasets/pddl/problems/scenario_1284/strategic.pddl,True,,True,,True,0.5977630615234375,3,0,0.5992608070373535
scenario_1284,tactical,/mnt/d/qy/作战规划/论文/多层次行动指南/pddl/datasets/pddl/problems/scenario_1284/tactical.pddl,True,,True,,True,0.5923559665679932,3,0,0.5937519073486328
scenario_1284,technical,/mnt/d/qy/作战规划/论文/多层次行动指南/pddl/datasets/pddl/problems/scenario_1284/technical.pddl,True,,True,,True,0.5894958972930908,3,0,0.5923376083374023
scenario_1285,strategic,/mnt/d/qy/作战规划/论文/多层次行动指南/pddl/datasets/pddl/problems/scenario_1285/strategic.pddl,True,,True,,True,0.6365084648132324,3,0,0.6380770206451416
scenario_1285,tactical,/mnt/d/qy/作战规划/论文/多层次行动指南/pddl/datasets/pddl/problems/scenario_1285/tactical.pddl,True,,True,,True,0.6457600593566895,3,0,0.6471295356750488
scenario_1286,strategic,/mnt/d/qy/作战规划/论文/多层次行动指南/pddl/datasets/pddl/problems/scenario_1286/strategic.pddl,True,,True,,True,0.645458459854126,3,0,0.6469755172729492
scenario_1286,tactical,/mnt/d/qy/作战规划/论文/多层次行动指南/pddl/datasets/pddl/problems/scenario_1286/tactical.pddl,True,,True,,True,0.6078078746795654,3,0,0.6092488765716553
scenario_1287,strategic,/mnt/d/qy/作战规划/论文/多层次行动指南/pddl/datasets/pddl/problems/scenario_1287/strategic.pddl,True,,True,,True,0.6185011863708496,3,0,0.6211926937103271
scenario_1287,tactical,/mnt/d/qy/作战规划/论文/多层次行动指南/pddl/datasets/pddl/problems/scenario_1287/tactical.pddl,True,,True,,True,0.6212098598480225,3,0,0.6265366077423096
scenario_1288,strategic,/mnt/d/qy/作战规划/论文/多层次行动指南/pddl/datasets/pddl/problems/scenario_1288/strategic.pddl,True,,True,,True,0.6211299896240234,3,0,0.6249430179595947
scenario_1288,tactical,/mnt/d/qy/作战规划/论文/多层次行动指南/pddl/datasets/pddl/problems/scenario_1288/tactical.pddl,True,,True,,True,0.6514749526977539,3,0,0.6528666019439697
scenario_1288,technical,/mnt/d/qy/作战规划/论文/多层次行动指南/pddl/datasets/pddl/problems/scenario_1288/technical.pddl,True,,True,,True,0.6572005748748779,3,0,0.6586089134216309
scenario_1289,strategic,/mnt/d/qy/作战规划/论文/多层次行动指南/pddl/datasets/pddl/problems/scenario_1289/strategic.pddl,True,,True,,True,0.5919888019561768,3,0,0.5935184955596924
scenario_1289,tactical,/mnt/d/qy/作战规划/论文/多层次行动指南/pddl/datasets/pddl/problems/scenario_1289/tactical.pddl,True,,True,,True,0.6456027030944824,3,0,0.647902250289917
scenario_1289,technical,/mnt/d/qy/作战规划/论文/多层次行动指南/pddl/datasets/pddl/problems/scenario_1289/technical.pddl,True,,True,,True,0.6091969013214111,3,0,0.6107017993927002
scenario_1290,strategic,/mnt/d/qy/作战规划/论文/多层次行动指南/pddl/datasets/pddl/problems/scenario_1290/strategic.pddl,True,,True,,True,0.6556992530822754,3,0,0.657672643661499
scenario_1290,tactical,/mnt/d/qy/作战规划/论文/多层次行动指南/pddl/datasets/pddl/problems/scenario_1290/tactical.pddl,True,,True,,True,0.5776731967926025,3,0,0.5882565975189209
scenario_1290,technical,/mnt/d/qy/作战规划/论文/多层次行动指南/pddl/datasets/pddl/problems/scenario_1290/technical.pddl,True,,True,,True,0.6123127937316895,3,0,0.6137173175811768
scenario_1291,strategic,/mnt/d/qy/作战规划/论文/多层次行动指南/pddl/datasets/pddl/problems/scenario_1291/strategic.pddl,True,,True,,True,0.6017241477966309,3,0,0.6032390594482422
scenario_1291,tactical,/mnt/d/qy/作战规划/论文/多层次行动指南/pddl/datasets/pddl/problems/scenario_1291/tactical.pddl,True,,True,,True,0.6382427215576172,3,0,0.6397769451141357
scenario_1291,technical,/mnt/d/qy/作战规划/论文/多层次行动指南/pddl/datasets/pddl/problems/scenario_1291/technical.pddl,True,,True,,True,0.7028682231903076,3,0,0.704232931137085
scenario_1292,strategic,/mnt/d/qy/作战规划/论文/多层次行动指南/pddl/datasets/pddl/problems/scenario_1292/strategic.pddl,True,,True,,True,0.5836367607116699,3,0,0.5849990844726562
scenario_1292,tactical,/mnt/d/qy/作战规划/论文/多层次行动指南/pddl/datasets/pddl/problems/scenario_1292/tactical.pddl,True,,True,,True,0.5974962711334229,3,0,0.6089940071105957
scenario_1292,technical,/mnt/d/qy/作战规划/论文/多层次行动指南/pddl/datasets/pddl/problems/scenario_1292/technical.pddl,True,,True,,True,0.5767209529876709,3,0,0.5782620906829834
scenario_1293,strategic,/mnt/d/qy/作战规划/论文/多层次行动指南/pddl/datasets/pddl/problems/scenario_1293/strategic.pddl,True,,True,,True,0.6311500072479248,3,0,0.6327683925628662
scenario_1293,tactical,/mnt/d/qy/作战规划/论文/多层次行动指南/pddl/datasets/pddl/problems/scenario_1293/tactical.pddl,True,,True,,True,0.6394894123077393,3,0,0.640984296798706
scenario_1293,technical,/mnt/d/qy/作战规划/论文/多层次行动指南/pddl/datasets/pddl/problems/scenario_1293/technical.pddl,True,,True,,True,0.6565539836883545,3,0,0.6585876941680908
scenario_1294,strategic,/mnt/d/qy/作战规划/论文/多层次行动指南/pddl/datasets/pddl/problems/scenario_1294/strategic.pddl,True,,True,,True,0.656313419342041,3,0,0.6577670574188232
scenario_1294,tactical,/mnt/d/qy/作战规划/论文/多层次行动指南/pddl/datasets/pddl/problems/scenario_1294/tactical.pddl,True,,True,,True,0.6246042251586914,3,0,0.626014232635498
scenario_1294,technical,/mnt/d/qy/作战规划/论文/多层次行动指南/pddl/datasets/pddl/problems/scenario_1294/technical.pddl,True,,True,,True,0.6191537380218506,3,0,0.6207108497619629
scenario_1295,strategic,/mnt/d/qy/作战规划/论文/多层次行动指南/pddl/datasets/pddl/problems/scenario_1295/strategic.pddl,True,,True,,True,0.6661975383758545,3,0,0.6676387786865234
scenario_1295,tactical,/mnt/d/qy/作战规划/论文/多层次行动指南/pddl/datasets/pddl/problems/scenario_1295/tactical.pddl,True,,True,,True,0.662106990814209,3,0,0.6635499000549316
scenario_1295,technical,/mnt/d/qy/作战规划/论文/多层次行动指南/pddl/datasets/pddl/problems/scenario_1295/technical.pddl,True,,True,,True,0.6374044418334961,3,0,0.6391756534576416
scenario_1296,strategic,/mnt/d/qy/作战规划/论文/多层次行动指南/pddl/datasets/pddl/problems/scenario_1296/strategic.pddl,True,,True,,True,0.6439428329467773,3,0,0.645470142364502
scenario_1296,tactical,/mnt/d/qy/作战规划/论文/多层次行动指南/pddl/datasets/pddl/problems/scenario_1296/tactical.pddl,True,,True,,True,0.6220755577087402,3,0,0.6241657733917236
scenario_1296,technical,/mnt/d/qy/作战规划/论文/多层次行动指南/pddl/datasets/pddl/problems/scenario_1296/technical.pddl,True,,True,,True,0.6732563972473145,3,0,0.6783781051635742
scenario_1298,strategic,/mnt/d/qy/作战规划/论文/多层次行动指南/pddl/datasets/pddl/problems/scenario_1298/strategic.pddl,True,,True,,True,0.6704225540161133,3,0,0.6726508140563965
scenario_1298,tactical,/mnt/d/qy/作战规划/论文/多层次行动指南/pddl/datasets/pddl/problems/scenario_1298/tactical.pddl,True,,True,,True,0.5751845836639404,3,0,0.5790469646453857
scenario_1298,technical,/mnt/d/qy/作战规划/论文/多层次行动指南/pddl/datasets/pddl/problems/scenario_1298/technical.pddl,True,,True,,True,0.626253604888916,3,0,0.6386444568634033
scenario_1299,strategic,/mnt/d/qy/作战规划/论文/多层次行动指南/pddl/datasets/pddl/problems/scenario_1299/strategic.pddl,True,,True,,True,0.5940630435943604,3,0,0.5954785346984863
scenario_1299,tactical,/mnt/d/qy/作战规划/论文/多层次行动指南/pddl/datasets/pddl/problems/scenario_1299/tactical.pddl,True,,True,,True,0.5643157958984375,3,0,0.566476583480835
scenario_1299,technical,/mnt/d/qy/作战规划/论文/多层次行动指南/pddl/datasets/pddl/problems/scenario_1299/technical.pddl,True,,True,,True,0.640869140625,3,0,0.6423413753509521
scenario_1300,strategic,/mnt/d/qy/作战规划/论文/多层次行动指南/pddl/datasets/pddl/problems/scenario_1300/strategic.pddl,True,,True,,True,0.6059765815734863,3,0,0.6074798107147217
scenario_1300,tactical,/mnt/d/qy/作战规划/论文/多层次行动指南/pddl/datasets/pddl/problems/scenario_1300/tactical.pddl,True,,True,,True,0.6321275234222412,3,0,0.6337497234344482
scenario_1300,technical,/mnt/d/qy/作战规划/论文/多层次行动指南/pddl/datasets/pddl/problems/scenario_1300/technical.pddl,True,,True,,True,0.6099565029144287,3,0,0.6116766929626465
scenario_1301,strategic,/mnt/d/qy/作战规划/论文/多层次行动指南/pddl/datasets/pddl/problems/scenario_1301/strategic.pddl,True,,True,,True,0.6327111721038818,3,0,0.6341578960418701
scenario_1301,tactical,/mnt/d/qy/作战规划/论文/多层次行动指南/pddl/datasets/pddl/problems/scenario_1301/tactical.pddl,True,,True,,True,0.7392861843109131,3,0,0.7406885623931885
scenario_1301,technical,/mnt/d/qy/作战规划/论文/多层次行动指南/pddl/datasets/pddl/problems/scenario_1301/technical.pddl,True,,True,,True,0.5951590538024902,3,0,0.5968375205993652
scenario_1302,strategic,/mnt/d/qy/作战规划/论文/多层次行动指南/pddl/datasets/pddl/problems/scenario_1302/strategic.pddl,True,,True,,True,0.6004462242126465,3,0,0.6020450592041016
scenario_1302,tactical,/mnt/d/qy/作战规划/论文/多层次行动指南/pddl/datasets/pddl/problems/scenario_1302/tactical.pddl,True,,True,,True,0.6098513603210449,3,0,0.6114647388458252
scenario_1302,technical,/mnt/d/qy/作战规划/论文/多层次行动指南/pddl/datasets/pddl/problems/scenario_1302/technical.pddl,True,,True,,True,0.6393489837646484,3,0,0.6416316032409668
scenario_1303,strategic,/mnt/d/qy/作战规划/论文/多层次行动指南/pddl/datasets/pddl/problems/scenario_1303/strategic.pddl,True,,True,,True,0.6548144817352295,3,0,0.656247615814209
scenario_1303,tactical,/mnt/d/qy/作战规划/论文/多层次行动指南/pddl/datasets/pddl/problems/scenario_1303/tactical.pddl,True,,True,,True,0.6223607063293457,3,0,0.62381911277771
scenario_1303,technical,/mnt/d/qy/作战规划/论文/多层次行动指南/pddl/datasets/pddl/problems/scenario_1303/technical.pddl,True,,True,,True,0.6258533000946045,3,0,0.6279089450836182
scenario_1304,strategic,/mnt/d/qy/作战规划/论文/多层次行动指南/pddl/datasets/pddl/problems/scenario_1304/strategic.pddl,True,,True,,True,0.6429300308227539,3,0,0.6443705558776855
scenario_1304,tactical,/mnt/d/qy/作战规划/论文/多层次行动指南/pddl/datasets/pddl/problems/scenario_1304/tactical.pddl,True,,True,,True,0.6036698818206787,3,0,0.6066625118255615
scenario_1304,technical,/mnt/d/qy/作战规划/论文/多层次行动指南/pddl/datasets/pddl/problems/scenario_1304/technical.pddl,True,,True,,True,0.6054263114929199,3,0,0.6068840026855469
scenario_1305,strategic,/mnt/d/qy/作战规划/论文/多层次行动指南/pddl/datasets/pddl/problems/scenario_1305/strategic.pddl,True,,True,,True,0.6933956146240234,3,0,0.6948204040527344
scenario_1305,tactical,/mnt/d/qy/作战规划/论文/多层次行动指南/pddl/datasets/pddl/problems/scenario_1305/tactical.pddl,True,,True,,True,0.5992248058319092,3,0,0.6006548404693604
scenario_1305,technical,/mnt/d/qy/作战规划/论文/多层次行动指南/pddl/datasets/pddl/problems/scenario_1305/technical.pddl,True,,True,,True,0.6920850276947021,3,0,0.694288969039917
scenario_1306,strategic,/mnt/d/qy/作战规划/论文/多层次行动指南/pddl/datasets/pddl/problems/scenario_1306/strategic.pddl,True,,True,,True,0.6690089702606201,3,0,0.6706068515777588
scenario_1306,tactical,/mnt/d/qy/作战规划/论文/多层次行动指南/pddl/datasets/pddl/problems/scenario_1306/tactical.pddl,True,,True,,True,0.6848318576812744,3,0,0.6863288879394531
scenario_1306,technical,/mnt/d/qy/作战规划/论文/多层次行动指南/pddl/datasets/pddl/problems/scenario_1306/technical.pddl,True,,True,,True,0.6117265224456787,3,0,0.6179506778717041
scenario_1307,strategic,/mnt/d/qy/作战规划/论文/多层次行动指南/pddl/datasets/pddl/problems/scenario_1307/strategic.pddl,True,,True,,True,0.592930793762207,3,0,0.5951883792877197
scenario_1307,tactical,/mnt/d/qy/作战规划/论文/多层次行动指南/pddl/datasets/pddl/problems/scenario_1307/tactical.pddl,True,,True,,True,0.596182107925415,3,0,0.597642183303833
scenario_1307,technical,/mnt/d/qy/作战规划/论文/多层次行动指南/pddl/datasets/pddl/problems/scenario_1307/technical.pddl,True,,True,,True,0.6544106006622314,3,0,0.6558451652526855
scenario_1308,strategic,/mnt/d/qy/作战规划/论文/多层次行动指南/pddl/datasets/pddl/problems/scenario_1308/strategic.pddl,True,,True,,True,0.6002857685089111,3,0,0.6019008159637451
scenario_1308,tactical,/mnt/d/qy/作战规划/论文/多层次行动指南/pddl/datasets/pddl/problems/scenario_1308/tactical.pddl,True,,True,,True,0.785559892654419,3,0,0.7871203422546387
scenario_1308,technical,/mnt/d/qy/作战规划/论文/多层次行动指南/pddl/datasets/pddl/problems/scenario_1308/technical.pddl,True,,True,,True,0.6601476669311523,3,0,0.6618361473083496
scenario_1309,strategic,/mnt/d/qy/作战规划/论文/多层次行动指南/pddl/datasets/pddl/problems/scenario_1309/strategic.pddl,True,,True,,True,0.5845248699188232,3,0,0.5874974727630615
scenario_1309,tactical,/mnt/d/qy/作战规划/论文/多层次行动指南/pddl/datasets/pddl/problems/scenario_1309/tactical.pddl,True,,True,,True,0.6048882007598877,3,0,0.608278751373291
scenario_1309,technical,/mnt/d/qy/作战规划/论文/多层次行动指南/pddl/datasets/pddl/problems/scenario_1309/technical.pddl,True,,True,,True,0.6410701274871826,3,0,0.642981767654419
scenario_1310,strategic,/mnt/d/qy/作战规划/论文/多层次行动指南/pddl/datasets/pddl/problems/scenario_1310/strategic.pddl,True,,True,,True,0.6784703731536865,3,0,0.6802504062652588
scenario_1310,tactical,/mnt/d/qy/作战规划/论文/多层次行动指南/pddl/datasets/pddl/problems/scenario_1310/tactical.pddl,True,,True,,True,0.6498377323150635,3,0,0.6515343189239502
scenario_1310,technical,/mnt/d/qy/作战规划/论文/多层次行动指南/pddl/datasets/pddl/problems/scenario_1310/technical.pddl,True,,True,,True,0.659569263458252,3,0,0.6611020565032959
scenario_1311,strategic,/mnt/d/qy/作战规划/论文/多层次行动指南/pddl/datasets/pddl/problems/scenario_1311/strategic.pddl,True,,True,,True,0.6246657371520996,3,0,0.6267025470733643
scenario_1311,tactical,/mnt/d/qy/作战规划/论文/多层次行动指南/pddl/datasets/pddl/problems/scenario_1311/tactical.pddl,True,,True,,True,0.6525356769561768,3,0,0.65390944480896
scenario_1311,technical,/mnt/d/qy/作战规划/论文/多层次行动指南/pddl/datasets/pddl/problems/scenario_1311/technical.pddl,True,,True,,True,0.7312400341033936,3,0,0.7326583862304688
scenario_1312,strategic,/mnt/d/qy/作战规划/论文/多层次行动指南/pddl/datasets/pddl/problems/scenario_1312/strategic.pddl,True,,True,,True,0.6052885055541992,3,0,0.6096985340118408
scenario_1312,tactical,/mnt/d/qy/作战规划/论文/多层次行动指南/pddl/datasets/pddl/problems/scenario_1312/tactical.pddl,True,,True,,True,0.6182899475097656,3,0,0.6197850704193115
scenario_1312,technical,/mnt/d/qy/作战规划/论文/多层次行动指南/pddl/datasets/pddl/problems/scenario_1312/technical.pddl,True,,True,,True,0.627460241317749,3,0,0.6292295455932617
scenario_1313,strategic,/mnt/d/qy/作战规划/论文/多层次行动指南/pddl/datasets/pddl/problems/scenario_1313/strategic.pddl,True,,True,,True,0.6272013187408447,3,0,0.6285934448242188
scenario_1313,tactical,/mnt/d/qy/作战规划/论文/多层次行动指南/pddl/datasets/pddl/problems/scenario_1313/tactical.pddl,True,,True,,True,0.6638405323028564,3,0,0.66532301902771
scenario_1313,technical,/mnt/d/qy/作战规划/论文/多层次行动指南/pddl/datasets/pddl/problems/scenario_1313/technical.pddl,True,,True,,True,0.585686445236206,3,0,0.5945391654968262
scenario_1314,strategic,/mnt/d/qy/作战规划/论文/多层次行动指南/pddl/datasets/pddl/problems/scenario_1314/strategic.pddl,True,,True,,True,0.6290340423583984,3,0,0.6304655075073242
scenario_1314,tactical,/mnt/d/qy/作战规划/论文/多层次行动指南/pddl/datasets/pddl/problems/scenario_1314/tactical.pddl,True,,True,,True,0.6613121032714844,3,0,0.6627600193023682
scenario_1314,technical,/mnt/d/qy/作战规划/论文/多层次行动指南/pddl/datasets/pddl/problems/scenario_1314/technical.pddl,True,,True,,True,0.6159255504608154,3,0,0.6173732280731201
scenario_1315,strategic,/mnt/d/qy/作战规划/论文/多层次行动指南/pddl/datasets/pddl/problems/scenario_1315/strategic.pddl,True,,True,,False,0.6021850109100342,0,0,0.6037356853485107
scenario_1315,tactical,/mnt/d/qy/作战规划/论文/多层次行动指南/pddl/datasets/pddl/problems/scenario_1315/tactical.pddl,True,,True,,True,0.6240193843841553,3,0,0.6311085224151611
scenario_1315,technical,/mnt/d/qy/作战规划/论文/多层次行动指南/pddl/datasets/pddl/problems/scenario_1315/technical.pddl,True,,True,,True,0.637202262878418,3,0,0.6387455463409424
scenario_1316,strategic,/mnt/d/qy/作战规划/论文/多层次行动指南/pddl/datasets/pddl/problems/scenario_1316/strategic.pddl,True,,True,,False,0.6030209064483643,0,0,0.6043910980224609
scenario_1316,tactical,/mnt/d/qy/作战规划/论文/多层次行动指南/pddl/datasets/pddl/problems/scenario_1316/tactical.pddl,True,,True,,True,0.6242430210113525,3,0,0.6257839202880859
scenario_1316,technical,/mnt/d/qy/作战规划/论文/多层次行动指南/pddl/datasets/pddl/problems/scenario_1316/technical.pddl,True,,True,,True,0.6579530239105225,3,0,0.6601467132568359
scenario_1317,strategic,/mnt/d/qy/作战规划/论文/多层次行动指南/pddl/datasets/pddl/problems/scenario_1317/strategic.pddl,True,,True,,False,0.5391597747802734,0,0,0.541064977645874
scenario_1317,tactical,/mnt/d/qy/作战规划/论文/多层次行动指南/pddl/datasets/pddl/problems/scenario_1317/tactical.pddl,True,,True,,True,0.6200575828552246,3,0,0.6218578815460205
scenario_1317,technical,/mnt/d/qy/作战规划/论文/多层次行动指南/pddl/datasets/pddl/problems/scenario_1317/technical.pddl,True,,True,,True,0.6149144172668457,3,0,0.616344690322876
scenario_1318,strategic,/mnt/d/qy/作战规划/论文/多层次行动指南/pddl/datasets/pddl/problems/scenario_1318/strategic.pddl,True,,True,,False,0.5651969909667969,0,0,0.5668072700500488
scenario_1318,tactical,/mnt/d/qy/作战规划/论文/多层次行动指南/pddl/datasets/pddl/problems/scenario_1318/tactical.pddl,True,,True,,True,0.6494548320770264,3,0,0.6511139869689941
scenario_1318,technical,/mnt/d/qy/作战规划/论文/多层次行动指南/pddl/datasets/pddl/problems/scenario_1318/technical.pddl,True,,True,,True,0.6183502674102783,3,0,0.6197850704193115
scenario_1319,strategic,/mnt/d/qy/作战规划/论文/多层次行动指南/pddl/datasets/pddl/problems/scenario_1319/strategic.pddl,True,,True,,False,0.5907776355743408,0,0,0.5936481952667236
scenario_1319,tactical,/mnt/d/qy/作战规划/论文/多层次行动指南/pddl/datasets/pddl/problems/scenario_1319/tactical.pddl,True,,True,,True,0.6280741691589355,3,0,0.6295526027679443
scenario_1319,technical,/mnt/d/qy/作战规划/论文/多层次行动指南/pddl/datasets/pddl/problems/scenario_1319/technical.pddl,True,,True,,True,0.6511855125427246,3,0,0.6526978015899658
scenario_1320,strategic,/mnt/d/qy/作战规划/论文/多层次行动指南/pddl/datasets/pddl/problems/scenario_1320/strategic.pddl,True,,True,,False,0.5592074394226074,0,0,0.5605823993682861
scenario_1320,tactical,/mnt/d/qy/作战规划/论文/多层次行动指南/pddl/datasets/pddl/problems/scenario_1320/tactical.pddl,True,,True,,True,0.6294882297515869,3,0,0.6310033798217773
scenario_1320,technical,/mnt/d/qy/作战规划/论文/多层次行动指南/pddl/datasets/pddl/problems/scenario_1320/technical.pddl,True,,True,,True,0.620908260345459,3,0,0.6230077743530273
scenario_1321,strategic,/mnt/d/qy/作战规划/论文/多层次行动指南/pddl/datasets/pddl/problems/scenario_1321/strategic.pddl,True,,True,,False,0.5975229740142822,0,0,0.5989267826080322
scenario_1321,tactical,/mnt/d/qy/作战规划/论文/多层次行动指南/pddl/datasets/pddl/problems/scenario_1321/tactical.pddl,True,,True,,True,0.6315371990203857,3,0,0.6338648796081543
scenario_1321,technical,/mnt/d/qy/作战规划/论文/多层次行动指南/pddl/datasets/pddl/problems/scenario_1321/technical.pddl,True,,True,,True,0.5924596786499023,3,0,0.5938777923583984
scenario_1322,strategic,/mnt/d/qy/作战规划/论文/多层次行动指南/pddl/datasets/pddl/problems/scenario_1322/strategic.pddl,True,,True,,False,0.5489811897277832,0,0,0.5532681941986084
scenario_1322,tactical,/mnt/d/qy/作战规划/论文/多层次行动指南/pddl/datasets/pddl/problems/scenario_1322/tactical.pddl,True,,True,,True,0.6780128479003906,3,0,0.6795833110809326
scenario_1322,technical,/mnt/d/qy/作战规划/论文/多层次行动指南/pddl/datasets/pddl/problems/scenario_1322/technical.pddl,True,,True,,True,0.6626613140106201,3,0,0.6640756130218506
scenario_1323,strategic,/mnt/d/qy/作战规划/论文/多层次行动指南/pddl/datasets/pddl/problems/scenario_1323/strategic.pddl,True,,True,,False,0.5831313133239746,0,0,0.588592529296875
scenario_1323,tactical,/mnt/d/qy/作战规划/论文/多层次行动指南/pddl/datasets/pddl/problems/scenario_1323/tactical.pddl,True,,True,,True,0.6320631504058838,3,0,0.6353979110717773
scenario_1323,technical,/mnt/d/qy/作战规划/论文/多层次行动指南/pddl/datasets/pddl/problems/scenario_1323/technical.pddl,True,,True,,True,0.6364586353302002,3,0,0.6379988193511963
scenario_1324,strategic,/mnt/d/qy/作战规划/论文/多层次行动指南/pddl/datasets/pddl/problems/scenario_1324/strategic.pddl,True,,True,,False,0.5998213291168213,0,0,0.6013052463531494
scenario_1324,tactical,/mnt/d/qy/作战规划/论文/多层次行动指南/pddl/datasets/pddl/problems/scenario_1324/tactical.pddl,True,,True,,True,0.6644458770751953,3,0,0.6659355163574219
scenario_1324,technical,/mnt/d/qy/作战规划/论文/多层次行动指南/pddl/datasets/pddl/problems/scenario_1324/technical.pddl,True,,True,,True,0.5938754081726074,3,0,0.5954184532165527
scenario_1325,strategic,/mnt/d/qy/作战规划/论文/多层次行动指南/pddl/datasets/pddl/problems/scenario_1325/strategic.pddl,True,,True,,False,0.5895237922668457,0,0,0.5910866260528564
scenario_1325,tactical,/mnt/d/qy/作战规划/论文/多层次行动指南/pddl/datasets/pddl/problems/scenario_1325/tactical.pddl,True,,True,,True,0.626140832901001,3,0,0.62790846824646
scenario_1325,technical,/mnt/d/qy/作战规划/论文/多层次行动指南/pddl/datasets/pddl/problems/scenario_1325/technical.pddl,True,,True,,True,0.7174267768859863,3,0,0.7307264804840088
scenario_1326,strategic,/mnt/d/qy/作战规划/论文/多层次行动指南/pddl/datasets/pddl/problems/scenario_1326/strategic.pddl,True,,True,,False,0.5348601341247559,0,0,0.536261796951294
scenario_1326,tactical,/mnt/d/qy/作战规划/论文/多层次行动指南/pddl/datasets/pddl/problems/scenario_1326/tactical.pddl,True,,True,,True,0.6025030612945557,3,0,0.604055643081665
scenario_1326,technical,/mnt/d/qy/作战规划/论文/多层次行动指南/pddl/datasets/pddl/problems/scenario_1326/technical.pddl,True,,True,,True,0.5975384712219238,3,0,0.5989713668823242
scenario_1327,strategic,/mnt/d/qy/作战规划/论文/多层次行动指南/pddl/datasets/pddl/problems/scenario_1327/strategic.pddl,True,,True,,False,0.6143341064453125,0,0,0.615757942199707
scenario_1327,tactical,/mnt/d/qy/作战规划/论文/多层次行动指南/pddl/datasets/pddl/problems/scenario_1327/tactical.pddl,True,,True,,True,0.5990056991577148,3,0,0.6007833480834961
scenario_1327,technical,/mnt/d/qy/作战规划/论文/多层次行动指南/pddl/datasets/pddl/problems/scenario_1327/technical.pddl,True,,True,,True,0.7089860439300537,3,0,0.7106270790100098
scenario_1328,strategic,/mnt/d/qy/作战规划/论文/多层次行动指南/pddl/datasets/pddl/problems/scenario_1328/strategic.pddl,True,,True,,False,0.6193156242370605,0,0,0.6207969188690186
scenario_1328,tactical,/mnt/d/qy/作战规划/论文/多层次行动指南/pddl/datasets/pddl/problems/scenario_1328/tactical.pddl,True,,True,,True,0.7004849910736084,3,0,0.7019321918487549
scenario_1328,technical,/mnt/d/qy/作战规划/论文/多层次行动指南/pddl/datasets/pddl/problems/scenario_1328/technical.pddl,True,,True,,True,0.6284689903259277,3,0,0.6308367252349854
scenario_1329,strategic,/mnt/d/qy/作战规划/论文/多层次行动指南/pddl/datasets/pddl/problems/scenario_1329/strategic.pddl,True,,True,,False,0.5248584747314453,0,0,0.526334285736084
scenario_1329,tactical,/mnt/d/qy/作战规划/论文/多层次行动指南/pddl/datasets/pddl/problems/scenario_1329/tactical.pddl,True,,True,,True,0.6533687114715576,3,0,0.6555769443511963
scenario_1329,technical,/mnt/d/qy/作战规划/论文/多层次行动指南/pddl/datasets/pddl/problems/scenario_1329/technical.pddl,True,,True,,True,0.6086368560791016,3,0,0.6101515293121338
scenario_1330,strategic,/mnt/d/qy/作战规划/论文/多层次行动指南/pddl/datasets/pddl/problems/scenario_1330/strategic.pddl,True,,True,,False,0.6163427829742432,0,0,0.617816686630249
scenario_1330,tactical,/mnt/d/qy/作战规划/论文/多层次行动指南/pddl/datasets/pddl/problems/scenario_1330/tactical.pddl,True,,True,,True,0.625382661819458,3,0,0.6278131008148193
scenario_1330,technical,/mnt/d/qy/作战规划/论文/多层次行动指南/pddl/datasets/pddl/problems/scenario_1330/technical.pddl,True,,True,,True,0.6154754161834717,3,0,0.6170709133148193
scenario_1331,strategic,/mnt/d/qy/作战规划/论文/多层次行动指南/pddl/datasets/pddl/problems/scenario_1331/strategic.pddl,True,,True,,False,0.5817511081695557,0,0,0.5831923484802246
scenario_1331,tactical,/mnt/d/qy/作战规划/论文/多层次行动指南/pddl/datasets/pddl/problems/scenario_1331/tactical.pddl,True,,True,,True,0.6093554496765137,3,0,0.6115524768829346
scenario_1331,technical,/mnt/d/qy/作战规划/论文/多层次行动指南/pddl/datasets/pddl/problems/scenario_1331/technical.pddl,True,,True,,True,0.6327085494995117,3,0,0.6388306617736816
scenario_1332,strategic,/mnt/d/qy/作战规划/论文/多层次行动指南/pddl/datasets/pddl/problems/scenario_1332/strategic.pddl,True,,True,,False,0.5917816162109375,0,0,0.5932691097259521
scenario_1332,tactical,/mnt/d/qy/作战规划/论文/多层次行动指南/pddl/datasets/pddl/problems/scenario_1332/tactical.pddl,True,,True,,True,0.6178154945373535,3,0,0.6193232536315918
scenario_1332,technical,/mnt/d/qy/作战规划/论文/多层次行动指南/pddl/datasets/pddl/problems/scenario_1332/technical.pddl,True,,True,,True,0.7904324531555176,3,0,0.7920835018157959
scenario_1333,strategic,/mnt/d/qy/作战规划/论文/多层次行动指南/pddl/datasets/pddl/problems/scenario_1333/strategic.pddl,True,,True,,False,0.5841374397277832,0,0,0.5856759548187256
scenario_1333,tactical,/mnt/d/qy/作战规划/论文/多层次行动指南/pddl/datasets/pddl/problems/scenario_1333/tactical.pddl,True,,True,,True,0.6337828636169434,3,0,0.6353442668914795
scenario_1333,technical,/mnt/d/qy/作战规划/论文/多层次行动指南/pddl/datasets/pddl/problems/scenario_1333/technical.pddl,True,,True,,True,0.6479578018188477,3,0,0.6493923664093018
scenario_1334,strategic,/mnt/d/qy/作战规划/论文/多层次行动指南/pddl/datasets/pddl/problems/scenario_1334/strategic.pddl,True,,True,,False,0.5982708930969238,0,0,0.5997030735015869
scenario_1334,tactical,/mnt/d/qy/作战规划/论文/多层次行动指南/pddl/datasets/pddl/problems/scenario_1334/tactical.pddl,True,,True,,True,0.5685195922851562,3,0,0.5699605941772461
scenario_1334,technical,/mnt/d/qy/作战规划/论文/多层次行动指南/pddl/datasets/pddl/problems/scenario_1334/technical.pddl,True,,True,,True,0.6997284889221191,3,0,0.7011852264404297
scenario_1335,strategic,/mnt/d/qy/作战规划/论文/多层次行动指南/pddl/datasets/pddl/problems/scenario_1335/strategic.pddl,True,,True,,False,0.559361457824707,0,0,0.5608077049255371
scenario_1335,tactical,/mnt/d/qy/作战规划/论文/多层次行动指南/pddl/datasets/pddl/problems/scenario_1335/tactical.pddl,True,,True,,True,0.6026840209960938,3,0,0.6043519973754883
scenario_1335,technical,/mnt/d/qy/作战规划/论文/多层次行动指南/pddl/datasets/pddl/problems/scenario_1335/technical.pddl,True,,True,,True,0.646935224533081,3,0,0.6486959457397461
scenario_1336,strategic,/mnt/d/qy/作战规划/论文/多层次行动指南/pddl/datasets/pddl/problems/scenario_1336/strategic.pddl,True,,True,,False,0.6132571697235107,0,0,0.6146342754364014
scenario_1336,tactical,/mnt/d/qy/作战规划/论文/多层次行动指南/pddl/datasets/pddl/problems/scenario_1336/tactical.pddl,True,,True,,True,0.692720890045166,3,0,0.6941492557525635
scenario_1336,technical,/mnt/d/qy/作战规划/论文/多层次行动指南/pddl/datasets/pddl/problems/scenario_1336/technical.pddl,True,,True,,True,0.629807710647583,3,0,0.6403446197509766
scenario_1337,strategic,/mnt/d/qy/作战规划/论文/多层次行动指南/pddl/datasets/pddl/problems/scenario_1337/strategic.pddl,True,,True,,False,0.5780198574066162,0,0,0.5794258117675781
scenario_1337,tactical,/mnt/d/qy/作战规划/论文/多层次行动指南/pddl/datasets/pddl/problems/scenario_1337/tactical.pddl,True,,True,,True,0.684553861618042,3,0,0.6859450340270996
scenario_1337,technical,/mnt/d/qy/作战规划/论文/多层次行动指南/pddl/datasets/pddl/problems/scenario_1337/technical.pddl,True,,True,,True,0.6508421897888184,3,0,0.6523125171661377
scenario_1338,strategic,/mnt/d/qy/作战规划/论文/多层次行动指南/pddl/datasets/pddl/problems/scenario_1338/strategic.pddl,True,,True,,False,0.6676008701324463,0,0,0.6697173118591309
scenario_1338,tactical,/mnt/d/qy/作战规划/论文/多层次行动指南/pddl/datasets/pddl/problems/scenario_1338/tactical.pddl,True,,True,,True,0.675966739654541,3,0,0.6775736808776855
scenario_1338,technical,/mnt/d/qy/作战规划/论文/多层次行动指南/pddl/datasets/pddl/problems/scenario_1338/technical.pddl,True,,True,,True,0.6328279972076416,3,0,0.6342880725860596
scenario_1339,strategic,/mnt/d/qy/作战规划/论文/多层次行动指南/pddl/datasets/pddl/problems/scenario_1339/strategic.pddl,True,,True,,False,0.6040394306182861,0,0,0.605499267578125
scenario_1339,tactical,/mnt/d/qy/作战规划/论文/多层次行动指南/pddl/datasets/pddl/problems/scenario_1339/tactical.pddl,True,,True,,True,0.6608316898345947,3,0,0.6623210906982422
scenario_1339,technical,/mnt/d/qy/作战规划/论文/多层次行动指南/pddl/datasets/pddl/problems/scenario_1339/technical.pddl,True,,True,,True,0.6619536876678467,3,0,0.6634871959686279
scenario_1340,strategic,/mnt/d/qy/作战规划/论文/多层次行动指南/pddl/datasets/pddl/problems/scenario_1340/strategic.pddl,True,,True,,False,0.6046359539031982,0,0,0.6062037944793701
scenario_1340,tactical,/mnt/d/qy/作战规划/论文/多层次行动指南/pddl/datasets/pddl/problems/scenario_1340/tactical.pddl,True,,True,,True,0.6862306594848633,3,0,0.6893866062164307
scenario_1340,technical,/mnt/d/qy/作战规划/论文/多层次行动指南/pddl/datasets/pddl/problems/scenario_1340/technical.pddl,True,,True,,True,0.6416308879852295,3,0,0.6434094905853271
scenario_1341,strategic,/mnt/d/qy/作战规划/论文/多层次行动指南/pddl/datasets/pddl/problems/scenario_1341/strategic.pddl,True,,True,,False,0.6219992637634277,0,0,0.6238157749176025
scenario_1341,tactical,/mnt/d/qy/作战规划/论文/多层次行动指南/pddl/datasets/pddl/problems/scenario_1341/tactical.pddl,True,,True,,True,0.6619675159454346,3,0,0.6633946895599365
scenario_1341,technical,/mnt/d/qy/作战规划/论文/多层次行动指南/pddl/datasets/pddl/problems/scenario_1341/technical.pddl,True,,True,,True,0.6199970245361328,3,0,0.6218945980072021
scenario_1342,strategic,/mnt/d/qy/作战规划/论文/多层次行动指南/pddl/datasets/pddl/problems/scenario_1342/strategic.pddl,True,,True,,False,0.6303136348724365,0,0,0.631842851638794
scenario_1342,tactical,/mnt/d/qy/作战规划/论文/多层次行动指南/pddl/datasets/pddl/problems/scenario_1342/tactical.pddl,True,,True,,True,0.5941414833068848,3,0,0.5955357551574707
scenario_1342,technical,/mnt/d/qy/作战规划/论文/多层次行动指南/pddl/datasets/pddl/problems/scenario_1342/technical.pddl,True,,True,,True,0.6293597221374512,3,0,0.6308853626251221
scenario_1343,strategic,/mnt/d/qy/作战规划/论文/多层次行动指南/pddl/datasets/pddl/problems/scenario_1343/strategic.pddl,True,,True,,False,0.6725382804870605,0,0,0.6740875244140625
scenario_1343,tactical,/mnt/d/qy/作战规划/论文/多层次行动指南/pddl/datasets/pddl/problems/scenario_1343/tactical.pddl,True,,True,,True,0.6435995101928711,3,0,0.6452417373657227
scenario_1343,technical,/mnt/d/qy/作战规划/论文/多层次行动指南/pddl/datasets/pddl/problems/scenario_1343/technical.pddl,True,,True,,True,0.6303794384002686,3,0,0.6348657608032227
scenario_1344,strategic,/mnt/d/qy/作战规划/论文/多层次行动指南/pddl/datasets/pddl/problems/scenario_1344/strategic.pddl,True,,True,,False,0.5548045635223389,0,0,0.559476375579834
scenario_1344,tactical,/mnt/d/qy/作战规划/论文/多层次行动指南/pddl/datasets/pddl/problems/scenario_1344/tactical.pddl,True,,True,,True,0.6311852931976318,3,0,0.6340205669403076
scenario_1344,technical,/mnt/d/qy/作战规划/论文/多层次行动指南/pddl/datasets/pddl/problems/scenario_1344/technical.pddl,True,,True,,True,0.6386415958404541,3,0,0.6402993202209473
scenario_1345,strategic,/mnt/d/qy/作战规划/论文/多层次行动指南/pddl/datasets/pddl/problems/scenario_1345/strategic.pddl,True,,True,,False,0.6469981670379639,0,0,0.6484508514404297
scenario_1345,tactical,/mnt/d/qy/作战规划/论文/多层次行动指南/pddl/datasets/pddl/problems/scenario_1345/tactical.pddl,True,,True,,True,0.6371490955352783,3,0,0.6387758255004883
scenario_1345,technical,/mnt/d/qy/作战规划/论文/多层次行动指南/pddl/datasets/pddl/problems/scenario_1345/technical.pddl,True,,True,,True,0.6467952728271484,3,0,0.6481974124908447
scenario_1346,strategic,/mnt/d/qy/作战规划/论文/多层次行动指南/pddl/datasets/pddl/problems/scenario_1346/strategic.pddl,True,,True,,False,0.6093463897705078,0,0,0.6107125282287598
scenario_1346,tactical,/mnt/d/qy/作战规划/论文/多层次行动指南/pddl/datasets/pddl/problems/scenario_1346/tactical.pddl,True,,True,,True,0.6458745002746582,3,0,0.6481888294219971
scenario_1346,technical,/mnt/d/qy/作战规划/论文/多层次行动指南/pddl/datasets/pddl/problems/scenario_1346/technical.pddl,True,,True,,True,0.6369214057922363,3,0,0.6387646198272705
scenario_1347,strategic,/mnt/d/qy/作战规划/论文/多层次行动指南/pddl/datasets/pddl/problems/scenario_1347/strategic.pddl,True,,True,,False,0.5432896614074707,0,0,0.5450162887573242
scenario_1347,tactical,/mnt/d/qy/作战规划/论文/多层次行动指南/pddl/datasets/pddl/problems/scenario_1347/tactical.pddl,True,,True,,True,0.6633908748626709,3,0,0.6653590202331543
scenario_1347,technical,/mnt/d/qy/作战规划/论文/多层次行动指南/pddl/datasets/pddl/problems/scenario_1347/technical.pddl,True,,True,,True,0.7072141170501709,3,0,0.7088222503662109
scenario_1348,strategic,/mnt/d/qy/作战规划/论文/多层次行动指南/pddl/datasets/pddl/problems/scenario_1348/strategic.pddl,True,,True,,False,0.6183063983917236,0,0,0.619908332824707
scenario_1348,tactical,/mnt/d/qy/作战规划/论文/多层次行动指南/pddl/datasets/pddl/problems/scenario_1348/tactical.pddl,True,,True,,True,0.6941306591033936,3,0,0.6955363750457764
scenario_1348,technical,/mnt/d/qy/作战规划/论文/多层次行动指南/pddl/datasets/pddl/problems/scenario_1348/technical.pddl,True,,True,,True,0.6365532875061035,3,0,0.6391026973724365
scenario_1349,strategic,/mnt/d/qy/作战规划/论文/多层次行动指南/pddl/datasets/pddl/problems/scenario_1349/strategic.pddl,True,,True,,False,0.5999240875244141,0,0,0.6014111042022705
scenario_1349,tactical,/mnt/d/qy/作战规划/论文/多层次行动指南/pddl/datasets/pddl/problems/scenario_1349/tactical.pddl,True,,True,,True,0.6110317707061768,3,0,0.612485408782959
scenario_1349,technical,/mnt/d/qy/作战规划/论文/多层次行动指南/pddl/datasets/pddl/problems/scenario_1349/technical.pddl,True,,True,,True,0.6174800395965576,3,0,0.6268594264984131
scenario_1350,strategic,/mnt/d/qy/作战规划/论文/多层次行动指南/pddl/datasets/pddl/problems/scenario_1350/strategic.pddl,True,,True,,False,0.6616067886352539,0,0,0.6639928817749023
scenario_1350,tactical,/mnt/d/qy/作战规划/论文/多层次行动指南/pddl/datasets/pddl/problems/scenario_1350/tactical.pddl,True,,True,,True,0.6550195217132568,3,0,0.6597721576690674
scenario_1350,technical,/mnt/d/qy/作战规划/论文/多层次行动指南/pddl/datasets/pddl/problems/scenario_1350/technical.pddl,True,,True,,True,0.6225063800811768,3,0,0.6263613700866699
scenario_1351,strategic,/mnt/d/qy/作战规划/论文/多层次行动指南/pddl/datasets/pddl/problems/scenario_1351/strategic.pddl,True,,True,,False,0.6003966331481934,0,0,0.601841926574707
scenario_1351,tactical,/mnt/d/qy/作战规划/论文/多层次行动指南/pddl/datasets/pddl/problems/scenario_1351/tactical.pddl,True,,True,,True,0.611994743347168,3,0,0.6139490604400635
scenario_1351,technical,/mnt/d/qy/作战规划/论文/多层次行动指南/pddl/datasets/pddl/problems/scenario_1351/technical.pddl,True,,True,,True,0.7461459636688232,3,0,0.7487869262695312
scenario_1352,strategic,/mnt/d/qy/作战规划/论文/多层次行动指南/pddl/datasets/pddl/problems/scenario_1352/strategic.pddl,True,,True,,False,0.5274112224578857,0,0,0.5295684337615967
scenario_1352,tactical,/mnt/d/qy/作战规划/论文/多层次行动指南/pddl/datasets/pddl/problems/scenario_1352/tactical.pddl,True,,True,,True,0.5843524932861328,3,0,0.5858228206634521
scenario_1352,technical,/mnt/d/qy/作战规划/论文/多层次行动指南/pddl/datasets/pddl/problems/scenario_1352/technical.pddl,True,,True,,True,0.6382362842559814,3,0,0.6396501064300537
scenario_1353,strategic,/mnt/d/qy/作战规划/论文/多层次行动指南/pddl/datasets/pddl/problems/scenario_1353/strategic.pddl,True,,True,,False,0.5765242576599121,0,0,0.5780417919158936
scenario_1353,tactical,/mnt/d/qy/作战规划/论文/多层次行动指南/pddl/datasets/pddl/problems/scenario_1353/tactical.pddl,True,,True,,True,0.6325783729553223,3,0,0.6359961032867432
scenario_1353,technical,/mnt/d/qy/作战规划/论文/多层次行动指南/pddl/datasets/pddl/problems/scenario_1353/technical.pddl,True,,True,,True,0.6812164783477783,3,0,0.6826202869415283
scenario_1354,strategic,/mnt/d/qy/作战规划/论文/多层次行动指南/pddl/datasets/pddl/problems/scenario_1354/strategic.pddl,True,,True,,False,0.5858793258666992,0,0,0.5882630348205566
scenario_1354,tactical,/mnt/d/qy/作战规划/论文/多层次行动指南/pddl/datasets/pddl/problems/scenario_1354/tactical.pddl,True,,True,,True,0.6619734764099121,3,0,0.664618968963623
scenario_1354,technical,/mnt/d/qy/作战规划/论文/多层次行动指南/pddl/datasets/pddl/problems/scenario_1354/technical.pddl,True,,True,,True,0.6302900314331055,3,0,0.6317455768585205
scenario_1355,strategic,/mnt/d/qy/作战规划/论文/多层次行动指南/pddl/datasets/pddl/problems/scenario_1355/strategic.pddl,True,,True,,False,0.5803210735321045,0,0,0.5818414688110352
scenario_1355,tactical,/mnt/d/qy/作战规划/论文/多层次行动指南/pddl/datasets/pddl/problems/scenario_1355/tactical.pddl,True,,True,,True,0.682633638381958,3,0,0.6840884685516357
scenario_1355,technical,/mnt/d/qy/作战规划/论文/多层次行动指南/pddl/datasets/pddl/problems/scenario_1355/technical.pddl,True,,True,,True,0.6572067737579346,3,0,0.65869140625
scenario_1356,strategic,/mnt/d/qy/作战规划/论文/多层次行动指南/pddl/datasets/pddl/problems/scenario_1356/strategic.pddl,True,,True,,False,0.5840167999267578,0,0,0.585423469543457
scenario_1356,tactical,/mnt/d/qy/作战规划/论文/多层次行动指南/pddl/datasets/pddl/problems/scenario_1356/tactical.pddl,True,,True,,True,0.6228790283203125,3,0,0.6243784427642822
scenario_1356,technical,/mnt/d/qy/作战规划/论文/多层次行动指南/pddl/datasets/pddl/problems/scenario_1356/technical.pddl,True,,True,,True,0.6062726974487305,3,0,0.6078078746795654
scenario_1357,strategic,/mnt/d/qy/作战规划/论文/多层次行动指南/pddl/datasets/pddl/problems/scenario_1357/strategic.pddl,True,,True,,False,0.6695268154144287,0,0,0.6709294319152832
scenario_1357,tactical,/mnt/d/qy/作战规划/论文/多层次行动指南/pddl/datasets/pddl/problems/scenario_1357/tactical.pddl,True,,True,,True,0.632718563079834,3,0,0.6348915100097656
scenario_1357,technical,/mnt/d/qy/作战规划/论文/多层次行动指南/pddl/datasets/pddl/problems/scenario_1357/technical.pddl,True,,True,,True,0.6168460845947266,3,0,0.6186230182647705
scenario_1358,strategic,/mnt/d/qy/作战规划/论文/多层次行动指南/pddl/datasets/pddl/problems/scenario_1358/strategic.pddl,True,,True,,False,0.5921163558959961,0,0,0.5943734645843506
scenario_1358,tactical,/mnt/d/qy/作战规划/论文/多层次行动指南/pddl/datasets/pddl/problems/scenario_1358/tactical.pddl,True,,True,,True,0.6520202159881592,3,0,0.6536076068878174
scenario_1358,technical,/mnt/d/qy/作战规划/论文/多层次行动指南/pddl/datasets/pddl/problems/scenario_1358/technical.pddl,True,,True,,True,0.6128883361816406,3,0,0.6143267154693604
scenario_1359,strategic,/mnt/d/qy/作战规划/论文/多层次行动指南/pddl/datasets/pddl/problems/scenario_1359/strategic.pddl,True,,True,,False,0.681190013885498,0,0,0.6826140880584717
scenario_1359,tactical,/mnt/d/qy/作战规划/论文/多层次行动指南/pddl/datasets/pddl/problems/scenario_1359/tactical.pddl,True,,True,,True,0.5859246253967285,3,0,0.5873346328735352
scenario_1359,technical,/mnt/d/qy/作战规划/论文/多层次行动指南/pddl/datasets/pddl/problems/scenario_1359/technical.pddl,True,,True,,True,0.5990076065063477,3,0,0.6007537841796875
scenario_1360,strategic,/mnt/d/qy/作战规划/论文/多层次行动指南/pddl/datasets/pddl/problems/scenario_1360/strategic.pddl,True,,True,,False,0.5706453323364258,0,0,0.5720615386962891
scenario_1360,tactical,/mnt/d/qy/作战规划/论文/多层次行动指南/pddl/datasets/pddl/problems/scenario_1360/tactical.pddl,True,,True,,True,0.6568021774291992,3,0,0.6582949161529541
scenario_1360,technical,/mnt/d/qy/作战规划/论文/多层次行动指南/pddl/datasets/pddl/problems/scenario_1360/technical.pddl,True,,True,,True,0.7813260555267334,3,0,0.782818078994751
scenario_1361,strategic,/mnt/d/qy/作战规划/论文/多层次行动指南/pddl/datasets/pddl/problems/scenario_1361/strategic.pddl,True,,True,,False,0.6492311954498291,0,0,0.6506457328796387
scenario_1361,tactical,/mnt/d/qy/作战规划/论文/多层次行动指南/pddl/datasets/pddl/problems/scenario_1361/tactical.pddl,True,,True,,True,0.6280055046081543,3,0,0.6304664611816406
scenario_1361,technical,/mnt/d/qy/作战规划/论文/多层次行动指南/pddl/datasets/pddl/problems/scenario_1361/technical.pddl,True,,True,,True,0.6639676094055176,3,0,0.6654419898986816
scenario_1362,strategic,/mnt/d/qy/作战规划/论文/多层次行动指南/pddl/datasets/pddl/problems/scenario_1362/strategic.pddl,True,,True,,False,0.6475391387939453,0,0,0.6522030830383301
scenario_1362,tactical,/mnt/d/qy/作战规划/论文/多层次行动指南/pddl/datasets/pddl/problems/scenario_1362/tactical.pddl,True,,True,,True,0.577655553817749,3,0,0.5794050693511963
scenario_1362,technical,/mnt/d/qy/作战规划/论文/多层次行动指南/pddl/datasets/pddl/problems/scenario_1362/technical.pddl,True,,True,,True,0.6421964168548584,3,0,0.6436481475830078
scenario_1363,strategic,/mnt/d/qy/作战规划/论文/多层次行动指南/pddl/datasets/pddl/problems/scenario_1363/strategic.pddl,True,,True,,False,0.5562083721160889,0,0,0.5582120418548584
scenario_1363,tactical,/mnt/d/qy/作战规划/论文/多层次行动指南/pddl/datasets/pddl/problems/scenario_1363/tactical.pddl,True,,True,,True,0.6142556667327881,3,0,0.6171960830688477
scenario_1363,technical,/mnt/d/qy/作战规划/论文/多层次行动指南/pddl/datasets/pddl/problems/scenario_1363/technical.pddl,True,,True,,True,0.6107463836669922,3,0,0.6128840446472168
scenario_1364,strategic,/mnt/d/qy/作战规划/论文/多层次行动指南/pddl/datasets/pddl/problems/scenario_1364/strategic.pddl,True,,True,,False,0.5752124786376953,0,0,0.5765781402587891
scenario_1364,tactical,/mnt/d/qy/作战规划/论文/多层次行动指南/pddl/datasets/pddl/problems/scenario_1364/tactical.pddl,True,,True,,True,0.6252906322479248,3,0,0.6360073089599609
scenario_1364,technical,/mnt/d/qy/作战规划/论文/多层次行动指南/pddl/datasets/pddl/problems/scenario_1364/technical.pddl,True,,True,,True,0.6335301399230957,3,0,0.6349165439605713
unknown,strategic,/mnt/d/qy/作战规划/论文/多层次行动指南/pddl/datasets/pddl/problems/unknown/strategic.pddl,True,,True,,True,0.6251869201660156,3,0,0.6275815963745117
unknown,tactical,/mnt/d/qy/作战规划/论文/多层次行动指南/pddl/datasets/pddl/problems/unknown/tactical.pddl,True,,True,,True,0.6654925346374512,3,0,0.6668713092803955
unknown,technical,/mnt/d/qy/作战规划/论文/多层次行动指南/pddl/datasets/pddl/problems/unknown/technical.pddl,True,,True,,True,0.5929665565490723,3,0,0.5944437980651855
